transaction_id,investor_id,amfi_code,fund_name,transaction_type,amount,transaction_date,kyc_status
1,23340,232331,Aditya Birla Sun Life Flexi Cap Fund 26,Sip,87662,2025-06-11,Pending
2,12812,118632,Nippon India Large Cap Fund - Direct Plan Growth Plan - Growth Option,Redemption,6043,2026-04-28,Pending
3,96782,120503,Axis ELSS Tax Saver Fund - Direct Plan - Growth Option,Lumpsum,97590,2025-11-07,Pending
4,76902,367334,HDFC Mutual Fund Large Cap Fund 25,Lumpsum,76617,2026-04-09,Verified
5,96717,991366,ICICI Prudential Debt Fund 10,Sip,7109,2025-01-05,Verified
6,21168,880836,DSP Mutual Fund Small Cap Fund 32,Sip,13147,2026-04-24,Verified
7,31368,422128,UTI Mutual Fund Flexi Cap Fund 3,Redemption,11844,2025-07-18,Verified
8,62798,621203,HDFC Mutual Fund Debt Fund 12,Redemption,70884,2025-07-10,Verified
9,94113,367334,HDFC Mutual Fund Large Cap Fund 25,Lumpsum,1849,2025-02-07,Pending
10,46240,668248,Franklin Templeton Index Fund 24,Redemption,79268,2025-04-15,Verified
11,38929,120841,quant Mid Cap Fund - Growth Option - Direct Plan,Redemption,96857,2026-01-27,Pending
12,21701,944560,Nippon India Small Cap Fund 28,Sip,74809,2026-05-14,Pending
13,47385,721881,Aditya Birla Sun Life Small Cap Fund 5,Lumpsum,1416,2025-11-10,Pending
14,62939,119092,HDFC Money Market Fund - Growth Option - Direct Plan,Redemption,99520,2025-11-24,Verified
15,11642,125497,SBI Small Cap Fund - Direct Plan - Growth,Lumpsum,27267,2025-10-02,Pending
16,58269,739532,Edelweiss Mutual Fund Hybrid Fund 13,Lumpsum,6061,2025-06-16,Pending
17,78254,407874,UTI Mutual Fund Flexi Cap Fund 18,Sip,69954,2025-05-12,Verified
18,62300,119092,HDFC Money Market Fund - Growth Option - Direct Plan,Redemption,3783,2025-12-11,Verified
19,15210,592424,UTI Mutual Fund Index Fund 14,Redemption,34236,2026-01-28,Verified
20,89733,201212,DSP Mutual Fund Multi Cap Fund 31,Sip,99340,2025-05-16,Pending
21,95814,668248,Franklin Templeton Index Fund 24,Lumpsum,53409,2026-03-01,Pending
22,84388,544516,SBI Mutual Fund Large Cap Fund 6,Sip,72077,2025-03-19,Pending
23,89110,422128,UTI Mutual Fund Flexi Cap Fund 3,Sip,69613,2025-05-06,Verified
24,66829,668248,Franklin Templeton Index Fund 24,Redemption,69659,2025-03-31,Verified
25,31075,428488,Canara Robeco Mid Cap Fund 17,Redemption,31468,2025-01-14,Verified
26,92931,367334,HDFC Mutual Fund Large Cap Fund 25,Redemption,33961,2026-05-02,Pending
27,79659,120841,quant Mid Cap Fund - Growth Option - Direct Plan,Redemption,86852,2025-01-08,Pending
28,39834,326036,Canara Robeco Large Cap Fund 16,Redemption,30733,2025-12-19,Pending
29,93436,592424,UTI Mutual Fund Index Fund 14,Lumpsum,97057,2025-12-01,Pending
30,50467,120503,Axis ELSS Tax Saver Fund - Direct Plan - Growth Option,Lumpsum,32632,2025-05-09,Pending
31,62836,843204,Mirae Asset Large Cap Fund 2,Sip,97449,2025-05-11,Verified
32,62825,260805,SBI Mutual Fund Multi Cap Fund 33,Redemption,53316,2025-05-02,Pending
33,75708,544516,SBI Mutual Fund Large Cap Fund 6,Sip,58839,2025-06-21,Pending
34,43647,544516,SBI Mutual Fund Large Cap Fund 6,Lumpsum,45200,2025-07-15,Pending
35,18253,544516,SBI Mutual Fund Large Cap Fund 6,Redemption,10873,2025-11-19,Pending
36,84926,232331,Aditya Birla Sun Life Flexi Cap Fund 26,Sip,82485,2025-05-26,Pending
37,10543,792521,DSP Mutual Fund ELSS Fund 1,Sip,67280,2025-03-26,Pending
38,58500,232331,Aditya Birla Sun Life Flexi Cap Fund 26,Redemption,37409,2025-04-30,Verified
39,61285,707312,HDFC Mutual Fund Mid Cap Fund 30,Redemption,98969,2025-04-07,Pending
40,42612,527330,Nippon India Small Cap Fund 15,Lumpsum,16232,2026-02-14,Pending
41,84825,367334,HDFC Mutual Fund Large Cap Fund 25,Sip,34714,2025-09-11,Verified
42,15784,544516,SBI Mutual Fund Large Cap Fund 6,Lumpsum,9203,2026-01-14,Pending
43,25554,880836,DSP Mutual Fund Small Cap Fund 32,Redemption,99311,2026-01-04,Verified
44,11025,201212,DSP Mutual Fund Multi Cap Fund 31,Sip,31933,2025-02-13,Pending
45,87589,672467,HDFC Mutual Fund Sectoral Fund 4,Sip,57803,2025-10-20,Pending
46,77510,792521,DSP Mutual Fund ELSS Fund 1,Redemption,20435,2025-04-15,Verified
47,67957,592424,UTI Mutual Fund Index Fund 14,Lumpsum,27764,2025-01-20,Verified
48,17990,944560,Nippon India Small Cap Fund 28,Lumpsum,28748,2026-04-26,Pending
49,12349,346758,Nippon India Debt Fund 8,Sip,99005,2025-05-14,Verified
50,67785,687271,Tata Mutual Fund Flexi Cap Fund 11,Lumpsum,89170,2025-08-02,Pending
51,28448,346758,Nippon India Debt Fund 8,Lumpsum,95562,2025-02-13,Pending
52,79651,991366,ICICI Prudential Debt Fund 10,Redemption,14730,2026-04-18,Verified
53,91543,346758,Nippon India Debt Fund 8,Sip,33597,2025-11-23,Pending
54,85296,720564,Franklin Templeton Sectoral Fund 20,Lumpsum,51524,2025-04-26,Pending
55,56436,664735,Franklin Templeton Hybrid Fund 19,Sip,88947,2025-09-13,Verified
56,49601,708630,Kotak Mutual Fund Debt Fund 22,Lumpsum,1119,2026-01-29,Verified
57,28332,422128,UTI Mutual Fund Flexi Cap Fund 3,Redemption,16531,2026-04-14,Verified
58,16802,944560,Nippon India Small Cap Fund 28,Sip,30979,2026-02-03,Pending
59,10342,944560,Nippon India Small Cap Fund 28,Lumpsum,41500,2025-01-01,Pending
60,46827,944560,Nippon India Small Cap Fund 28,Sip,71064,2026-03-25,Pending
61,85888,739532,Edelweiss Mutual Fund Hybrid Fund 13,Lumpsum,73637,2025-02-11,Verified
62,20662,592424,UTI Mutual Fund Index Fund 14,Sip,21573,2026-02-10,Verified
63,23451,708630,Kotak Mutual Fund Debt Fund 22,Redemption,81986,2025-05-12,Verified
64,66224,317186,Axis Mutual Fund ELSS Fund 34,Lumpsum,90256,2026-04-14,Verified
65,87902,707312,HDFC Mutual Fund Mid Cap Fund 30,Lumpsum,28523,2025-10-14,Verified
66,75354,407874,UTI Mutual Fund Flexi Cap Fund 18,Redemption,76013,2025-11-10,Pending
67,83292,721881,Aditya Birla Sun Life Small Cap Fund 5,Sip,33432,2025-01-05,Pending
68,87220,422128,UTI Mutual Fund Flexi Cap Fund 3,Redemption,98181,2025-03-13,Verified
69,88935,428488,Canara Robeco Mid Cap Fund 17,Redemption,93633,2025-06-11,Pending
70,18937,857086,Canara Robeco ELSS Fund 29,Redemption,39981,2025-06-04,Pending
71,40255,201212,DSP Mutual Fund Multi Cap Fund 31,Redemption,27097,2025-06-22,Pending
72,26192,843204,Mirae Asset Large Cap Fund 2,Redemption,1344,2025-08-17,Pending
73,65563,232331,Aditya Birla Sun Life Flexi Cap Fund 26,Redemption,78693,2025-11-05,Verified
74,97996,232331,Aditya Birla Sun Life Flexi Cap Fund 26,Redemption,65161,2025-08-10,Pending
75,32064,234499,Kotak Mutual Fund Multi Cap Fund 7,Redemption,91694,2025-04-09,Verified
76,26524,975687,Nippon India Index Fund 21,Redemption,24338,2025-03-20,Verified
77,16824,664735,Franklin Templeton Hybrid Fund 19,Lumpsum,91865,2026-03-27,Verified
78,87959,857086,Canara Robeco ELSS Fund 29,Lumpsum,14880,2026-03-30,Verified
79,45245,120841,quant Mid Cap Fund - Growth Option - Direct Plan,Redemption,89582,2025-12-21,Pending
80,11506,720564,Franklin Templeton Sectoral Fund 20,Lumpsum,76392,2025-08-17,Verified
81,73072,592424,UTI Mutual Fund Index Fund 14,Sip,16532,2025-11-08,Pending
82,20998,422128,UTI Mutual Fund Flexi Cap Fund 3,Sip,31637,2026-03-07,Pending
83,29585,119092,HDFC Money Market Fund - Growth Option - Direct Plan,Redemption,53798,2026-03-25,Pending
84,97151,119551,Aditya Birla Sun Life Banking & PSU Debt Fund  - DIRECT - IDCW,Redemption,65876,2026-03-31,Pending
85,48612,664735,Franklin Templeton Hybrid Fund 19,Redemption,30268,2025-01-08,Verified
86,83494,880836,DSP Mutual Fund Small Cap Fund 32,Redemption,40874,2026-02-12,Verified
87,98188,843204,Mirae Asset Large Cap Fund 2,Lumpsum,34413,2025-08-06,Pending
88,78126,201212,DSP Mutual Fund Multi Cap Fund 31,Redemption,78161,2025-01-02,Pending
89,69453,621203,HDFC Mutual Fund Debt Fund 12,Lumpsum,36929,2025-02-24,Pending
90,21917,621203,HDFC Mutual Fund Debt Fund 12,Redemption,20026,2025-03-17,Verified
91,27651,880134,DSP Mutual Fund Hybrid Fund 27,Sip,52233,2026-01-29,Pending
92,77522,422128,UTI Mutual Fund Flexi Cap Fund 3,Lumpsum,29139,2026-03-13,Pending
93,74940,428488,Canara Robeco Mid Cap Fund 17,Redemption,61788,2026-03-29,Verified
94,96875,125497,SBI Small Cap Fund - Direct Plan - Growth,Lumpsum,35368,2025-10-19,Verified
95,28583,720564,Franklin Templeton Sectoral Fund 20,Sip,15592,2025-04-26,Pending
96,63879,843204,Mirae Asset Large Cap Fund 2,Redemption,95271,2026-03-23,Pending
97,84760,422128,UTI Mutual Fund Flexi Cap Fund 3,Lumpsum,84789,2025-10-05,Verified
98,39588,739532,Edelweiss Mutual Fund Hybrid Fund 13,Redemption,90718,2026-03-15,Pending
99,44356,422128,UTI Mutual Fund Flexi Cap Fund 3,Redemption,22890,2026-03-16,Verified
100,62737,118632,Nippon India Large Cap Fund - Direct Plan Growth Plan - Growth Option,Redemption,73230,2026-04-19,Pending
101,24820,843204,Mirae Asset Large Cap Fund 2,Redemption,37790,2025-05-19,Verified
102,73415,326036,Canara Robeco Large Cap Fund 16,Redemption,83236,2026-02-15,Pending
103,47099,119092,HDFC Money Market Fund - Growth Option - Direct Plan,Lumpsum,5722,2025-07-02,Verified
104,79873,843204,Mirae Asset Large Cap Fund 2,Redemption,51723,2025-12-30,Verified
105,28640,201212,DSP Mutual Fund Multi Cap Fund 31,Redemption,19113,2025-12-08,Pending
106,17111,317186,Axis Mutual Fund ELSS Fund 34,Lumpsum,15321,2025-01-10,Pending
107,85243,367334,HDFC Mutual Fund Large Cap Fund 25,Redemption,72970,2025-12-07,Pending
108,45872,621203,HDFC Mutual Fund Debt Fund 12,Sip,16365,2026-03-21,Verified
109,30209,664735,Franklin Templeton Hybrid Fund 19,Sip,64747,2025-05-28,Verified
110,27597,422128,UTI Mutual Fund Flexi Cap Fund 3,Redemption,27821,2025-06-20,Verified
111,80121,708630,Kotak Mutual Fund Debt Fund 22,Redemption,78497,2025-09-25,Pending
112,92358,125497,SBI Small Cap Fund - Direct Plan - Growth,Lumpsum,60463,2025-12-21,Verified
113,35012,843204,Mirae Asset Large Cap Fund 2,Redemption,76820,2026-01-11,Pending
114,34037,944560,Nippon India Small Cap Fund 28,Redemption,45324,2025-07-09,Pending
115,82666,843204,Mirae Asset Large Cap Fund 2,Sip,28374,2026-04-01,Pending
116,49676,234499,Kotak Mutual Fund Multi Cap Fund 7,Redemption,54239,2025-06-13,Verified
117,92390,346758,Nippon India Debt Fund 8,Lumpsum,85417,2026-03-25,Verified
118,94321,367334,HDFC Mutual Fund Large Cap Fund 25,Sip,47278,2026-02-05,Pending
119,11565,232331,Aditya Birla Sun Life Flexi Cap Fund 26,Lumpsum,96540,2025-09-23,Verified
120,55346,721881,Aditya Birla Sun Life Small Cap Fund 5,Lumpsum,25474,2025-07-19,Verified
121,55541,428488,Canara Robeco Mid Cap Fund 17,Sip,42249,2025-01-04,Verified
122,98550,234499,Kotak Mutual Fund Multi Cap Fund 7,Lumpsum,63099,2025-10-09,Verified
123,31339,707312,HDFC Mutual Fund Mid Cap Fund 30,Redemption,81247,2026-04-07,Pending
124,55482,422128,UTI Mutual Fund Flexi Cap Fund 3,Lumpsum,28141,2026-03-20,Verified
125,36291,592424,UTI Mutual Fund Index Fund 14,Lumpsum,85954,2025-05-27,Pending
126,33285,687271,Tata Mutual Fund Flexi Cap Fund 11,Lumpsum,23015,2025-12-08,Pending
127,74737,234499,Kotak Mutual Fund Multi Cap Fund 7,Redemption,84424,2025-07-31,Verified
128,54836,975687,Nippon India Index Fund 21,Lumpsum,50409,2025-12-30,Pending
129,99824,118632,Nippon India Large Cap Fund - Direct Plan Growth Plan - Growth Option,Redemption,42305,2025-12-11,Pending
130,78331,668248,Franklin Templeton Index Fund 24,Redemption,4853,2026-01-29,Verified
131,40233,713340,Tata Mutual Fund Hybrid Fund 23,Lumpsum,22901,2025-05-13,Verified
132,58163,991366,ICICI Prudential Debt Fund 10,Sip,72673,2025-11-19,Pending
133,72279,537685,ICICI Prudential Large Cap Fund 9,Sip,43405,2025-02-01,Pending
134,64769,428488,Canara Robeco Mid Cap Fund 17,Redemption,55070,2025-12-27,Pending
135,70189,118632,Nippon India Large Cap Fund - Direct Plan Growth Plan - Growth Option,Lumpsum,96303,2025-01-19,Verified
136,11708,664735,Franklin Templeton Hybrid Fund 19,Redemption,83941,2025-12-17,Pending
137,20835,260805,SBI Mutual Fund Multi Cap Fund 33,Redemption,47068,2025-06-03,Verified
138,32435,119551,Aditya Birla Sun Life Banking & PSU Debt Fund  - DIRECT - IDCW,Redemption,9572,2025-04-11,Verified
139,36872,346758,Nippon India Debt Fund 8,Sip,90529,2025-11-10,Verified
140,67932,422128,UTI Mutual Fund Flexi Cap Fund 3,Lumpsum,63293,2026-05-09,Verified
141,99405,201212,DSP Mutual Fund Multi Cap Fund 31,Redemption,48140,2026-02-08,Verified
142,48467,544516,SBI Mutual Fund Large Cap Fund 6,Lumpsum,99167,2025-12-14,Verified
143,48555,713340,Tata Mutual Fund Hybrid Fund 23,Sip,5915,2025-05-05,Verified
144,72735,739532,Edelweiss Mutual Fund Hybrid Fund 13,Lumpsum,656,2026-04-10,Verified
145,19913,880836,DSP Mutual Fund Small Cap Fund 32,Redemption,7285,2025-12-25,Pending
146,94606,428488,Canara Robeco Mid Cap Fund 17,Redemption,57295,2025-03-24,Verified
147,49439,713340,Tata Mutual Fund Hybrid Fund 23,Sip,914,2025-03-12,Pending
148,28000,544516,SBI Mutual Fund Large Cap Fund 6,Lumpsum,770,2026-02-06,Pending
149,95466,120841,quant Mid Cap Fund - Growth Option - Direct Plan,Sip,96130,2026-04-08,Verified
150,20429,621203,HDFC Mutual Fund Debt Fund 12,Lumpsum,43172,2025-06-27,Pending
151,54570,668248,Franklin Templeton Index Fund 24,Redemption,48813,2025-12-26,Pending
152,17433,708630,Kotak Mutual Fund Debt Fund 22,Lumpsum,88571,2025-03-11,Pending
153,30766,125497,SBI Small Cap Fund - Direct Plan - Growth,Lumpsum,19544,2025-08-15,Pending
154,52695,843204,Mirae Asset Large Cap Fund 2,Sip,24001,2025-05-12,Verified
155,38930,120841,quant Mid Cap Fund - Growth Option - Direct Plan,Redemption,87516,2025-07-04,Verified
156,10428,713340,Tata Mutual Fund Hybrid Fund 23,Sip,51014,2025-10-18,Verified
157,46680,944560,Nippon India Small Cap Fund 28,Lumpsum,32372,2026-04-12,Pending
158,62637,317186,Axis Mutual Fund ELSS Fund 34,Lumpsum,25334,2025-11-08,Verified
159,29413,592424,UTI Mutual Fund Index Fund 14,Sip,57290,2025-04-10,Verified
160,36631,260805,SBI Mutual Fund Multi Cap Fund 33,Lumpsum,25098,2025-09-16,Pending
161,42078,544516,SBI Mutual Fund Large Cap Fund 6,Sip,34897,2026-05-14,Pending
162,29242,708630,Kotak Mutual Fund Debt Fund 22,Lumpsum,97839,2026-03-16,Pending
163,46005,326036,Canara Robeco Large Cap Fund 16,Lumpsum,46222,2025-09-22,Verified
164,49041,687271,Tata Mutual Fund Flexi Cap Fund 11,Sip,53298,2025-06-06,Pending
165,19383,232331,Aditya Birla Sun Life Flexi Cap Fund 26,Sip,37536,2025-04-30,Verified
166,46704,260805,SBI Mutual Fund Multi Cap Fund 33,Lumpsum,53888,2026-04-10,Pending
167,67867,317186,Axis Mutual Fund ELSS Fund 34,Redemption,47380,2025-04-04,Verified
168,15354,843204,Mirae Asset Large Cap Fund 2,Sip,83612,2025-04-21,Pending
169,59169,880134,DSP Mutual Fund Hybrid Fund 27,Sip,70094,2026-02-16,Pending
170,45879,944560,Nippon India Small Cap Fund 28,Redemption,5584,2025-06-18,Pending
171,11787,118632,Nippon India Large Cap Fund - Direct Plan Growth Plan - Growth Option,Lumpsum,23024,2025-12-21,Verified
172,85075,664735,Franklin Templeton Hybrid Fund 19,Lumpsum,29788,2026-04-13,Pending
173,16306,346758,Nippon India Debt Fund 8,Lumpsum,20837,2025-12-30,Verified
174,30368,201212,DSP Mutual Fund Multi Cap Fund 31,Lumpsum,88644,2025-03-19,Pending
175,61890,326036,Canara Robeco Large Cap Fund 16,Sip,14707,2026-02-10,Pending
176,15080,668248,Franklin Templeton Index Fund 24,Redemption,93800,2026-02-05,Verified
177,12966,326036,Canara Robeco Large Cap Fund 16,Sip,15760,2025-10-02,Pending
178,98588,120503,Axis ELSS Tax Saver Fund - Direct Plan - Growth Option,Redemption,1833,2025-03-19,Pending
179,93765,346758,Nippon India Debt Fund 8,Sip,29444,2025-01-15,Pending
180,59699,708630,Kotak Mutual Fund Debt Fund 22,Lumpsum,20034,2025-12-06,Verified
181,94884,346758,Nippon India Debt Fund 8,Redemption,73161,2025-09-27,Pending
182,37156,119551,Aditya Birla Sun Life Banking & PSU Debt Fund  - DIRECT - IDCW,Redemption,94852,2026-01-07,Verified
183,96685,621203,HDFC Mutual Fund Debt Fund 12,Lumpsum,89245,2025-10-05,Pending
184,94324,739532,Edelweiss Mutual Fund Hybrid Fund 13,Redemption,26793,2025-09-16,Verified
185,77865,664735,Franklin Templeton Hybrid Fund 19,Lumpsum,25565,2026-03-10,Verified
186,27921,537685,ICICI Prudential Large Cap Fund 9,Sip,13476,2025-03-16,Verified
187,16722,201212,DSP Mutual Fund Multi Cap Fund 31,Sip,1288,2026-03-04,Pending
188,50405,792521,DSP Mutual Fund ELSS Fund 1,Sip,44648,2026-02-21,Verified
189,54061,664735,Franklin Templeton Hybrid Fund 19,Sip,52678,2026-04-17,Pending
190,15952,621203,HDFC Mutual Fund Debt Fund 12,Redemption,33287,2025-07-02,Pending
191,87944,527330,Nippon India Small Cap Fund 15,Sip,64952,2025-11-17,Pending
192,32351,527330,Nippon India Small Cap Fund 15,Lumpsum,90876,2025-08-16,Verified
193,76996,792521,DSP Mutual Fund ELSS Fund 1,Lumpsum,16481,2025-05-17,Pending
194,72345,880836,DSP Mutual Fund Small Cap Fund 32,Redemption,16500,2026-02-20,Pending
195,41079,664735,Franklin Templeton Hybrid Fund 19,Sip,16472,2025-01-25,Pending
196,78939,201212,DSP Mutual Fund Multi Cap Fund 31,Sip,47132,2025-11-24,Pending
197,11985,880836,DSP Mutual Fund Small Cap Fund 32,Lumpsum,9492,2025-03-13,Pending
198,67767,260805,SBI Mutual Fund Multi Cap Fund 33,Sip,83145,2026-02-25,Verified
199,27976,119092,HDFC Money Market Fund - Growth Option - Direct Plan,Redemption,12414,2026-02-08,Verified
200,36281,739532,Edelweiss Mutual Fund Hybrid Fund 13,Redemption,99042,2025-05-09,Pending
201,92458,120841,quant Mid Cap Fund - Growth Option - Direct Plan,Lumpsum,82280,2025-05-10,Pending
202,49824,119551,Aditya Birla Sun Life Banking & PSU Debt Fund  - DIRECT - IDCW,Lumpsum,24245,2025-09-09,Verified
203,40090,792521,DSP Mutual Fund ELSS Fund 1,Lumpsum,30834,2026-01-10,Pending
204,22262,119551,Aditya Birla Sun Life Banking & PSU Debt Fund  - DIRECT - IDCW,Sip,84466,2026-02-01,Verified
205,25965,739532,Edelweiss Mutual Fund Hybrid Fund 13,Lumpsum,42405,2025-07-23,Pending
206,99406,721881,Aditya Birla Sun Life Small Cap Fund 5,Sip,11700,2025-09-19,Verified
207,15392,707312,HDFC Mutual Fund Mid Cap Fund 30,Lumpsum,26301,2025-11-12,Verified
208,45490,118632,Nippon India Large Cap Fund - Direct Plan Growth Plan - Growth Option,Sip,70345,2025-02-04,Pending
209,21877,120503,Axis ELSS Tax Saver Fund - Direct Plan - Growth Option,Lumpsum,99664,2026-01-17,Verified
210,99290,621203,HDFC Mutual Fund Debt Fund 12,Sip,15541,2026-02-15,Verified
211,17944,317186,Axis Mutual Fund ELSS Fund 34,Redemption,6789,2025-01-06,Pending
212,80914,668248,Franklin Templeton Index Fund 24,Redemption,61883,2026-04-28,Pending
213,93902,792521,DSP Mutual Fund ELSS Fund 1,Sip,17350,2026-04-22,Verified
214,21315,857086,Canara Robeco ELSS Fund 29,Redemption,39035,2025-10-13,Pending
215,88055,668248,Franklin Templeton Index Fund 24,Sip,1120,2025-05-08,Verified
216,41920,944560,Nippon India Small Cap Fund 28,Sip,61966,2025-06-17,Verified
217,33569,422128,UTI Mutual Fund Flexi Cap Fund 3,Redemption,30371,2025-08-05,Verified
218,24590,708630,Kotak Mutual Fund Debt Fund 22,Lumpsum,25363,2025-12-17,Pending
219,12212,260805,SBI Mutual Fund Multi Cap Fund 33,Sip,80537,2026-04-09,Pending
220,98161,621203,HDFC Mutual Fund Debt Fund 12,Sip,68337,2026-02-12,Verified
221,47885,975687,Nippon India Index Fund 21,Redemption,36186,2026-04-15,Pending
222,25972,668248,Franklin Templeton Index Fund 24,Lumpsum,35928,2026-05-01,Pending
223,39550,664735,Franklin Templeton Hybrid Fund 19,Redemption,90454,2025-11-13,Pending
224,91787,346758,Nippon India Debt Fund 8,Lumpsum,5911,2025-05-17,Verified
225,20662,792521,DSP Mutual Fund ELSS Fund 1,Redemption,10076,2025-04-30,Verified
226,71168,687271,Tata Mutual Fund Flexi Cap Fund 11,Lumpsum,96180,2026-03-25,Verified
227,11343,707312,HDFC Mutual Fund Mid Cap Fund 30,Lumpsum,90113,2025-12-30,Pending
228,41712,326036,Canara Robeco Large Cap Fund 16,Sip,45770,2025-01-20,Pending
229,18705,720564,Franklin Templeton Sectoral Fund 20,Redemption,42038,2025-02-02,Pending
230,33964,592424,UTI Mutual Fund Index Fund 14,Redemption,37047,2026-03-02,Verified
231,15413,422128,UTI Mutual Fund Flexi Cap Fund 3,Sip,48198,2026-03-24,Verified
232,11283,792521,DSP Mutual Fund ELSS Fund 1,Sip,3461,2025-12-10,Pending
233,68794,407874,UTI Mutual Fund Flexi Cap Fund 18,Sip,25804,2025-01-19,Verified
234,80194,346758,Nippon India Debt Fund 8,Sip,62827,2025-11-20,Verified
235,87871,621203,HDFC Mutual Fund Debt Fund 12,Lumpsum,63748,2026-03-08,Verified
236,71983,367334,HDFC Mutual Fund Large Cap Fund 25,Redemption,80144,2025-11-28,Verified
237,39696,707312,HDFC Mutual Fund Mid Cap Fund 30,Lumpsum,75094,2025-07-15,Pending
238,31219,672467,HDFC Mutual Fund Sectoral Fund 4,Redemption,47639,2026-02-09,Verified
239,88205,687271,Tata Mutual Fund Flexi Cap Fund 11,Redemption,91264,2025-05-10,Pending
240,90770,720564,Franklin Templeton Sectoral Fund 20,Sip,5776,2025-07-05,Verified
241,79209,119092,HDFC Money Market Fund - Growth Option - Direct Plan,Redemption,13304,2025-10-25,Pending
242,51064,792521,DSP Mutual Fund ELSS Fund 1,Lumpsum,87970,2025-09-25,Verified
243,56974,118632,Nippon India Large Cap Fund - Direct Plan Growth Plan - Growth Option,Lumpsum,42929,2025-08-06,Verified
244,94809,201212,DSP Mutual Fund Multi Cap Fund 31,Lumpsum,3716,2026-05-06,Verified
245,95941,880134,DSP Mutual Fund Hybrid Fund 27,Redemption,68484,2025-01-19,Pending
246,61569,125497,SBI Small Cap Fund - Direct Plan - Growth,Sip,92336,2025-12-31,Pending
247,64937,592424,UTI Mutual Fund Index Fund 14,Lumpsum,67837,2025-07-01,Verified
248,91904,234499,Kotak Mutual Fund Multi Cap Fund 7,Redemption,23515,2025-07-12,Pending
249,31125,119092,HDFC Money Market Fund - Growth Option - Direct Plan,Sip,67422,2025-04-23,Pending
250,26994,119092,HDFC Money Market Fund - Growth Option - Direct Plan,Sip,9267,2025-05-18,Pending
251,76413,621203,HDFC Mutual Fund Debt Fund 12,Redemption,62155,2025-08-02,Pending
252,70565,944560,Nippon India Small Cap Fund 28,Sip,66677,2025-05-30,Verified
253,72426,672467,HDFC Mutual Fund Sectoral Fund 4,Sip,8940,2025-06-20,Pending
254,81912,944560,Nippon India Small Cap Fund 28,Sip,91273,2026-04-21,Pending
255,80535,232331,Aditya Birla Sun Life Flexi Cap Fund 26,Redemption,86542,2025-09-08,Verified
256,52452,527330,Nippon India Small Cap Fund 15,Lumpsum,55080,2025-05-15,Pending
257,96995,407874,UTI Mutual Fund Flexi Cap Fund 18,Redemption,88524,2025-10-06,Pending
258,62163,407874,UTI Mutual Fund Flexi Cap Fund 18,Lumpsum,52038,2025-05-07,Verified
259,20300,880836,DSP Mutual Fund Small Cap Fund 32,Redemption,51024,2025-12-11,Verified
260,78961,317186,Axis Mutual Fund ELSS Fund 34,Lumpsum,59723,2026-05-12,Verified
261,39930,621203,HDFC Mutual Fund Debt Fund 12,Sip,24717,2025-04-02,Pending
262,96903,537685,ICICI Prudential Large Cap Fund 9,Redemption,43895,2026-01-03,Verified
263,77636,621203,HDFC Mutual Fund Debt Fund 12,Redemption,34663,2025-11-27,Pending
264,42835,739532,Edelweiss Mutual Fund Hybrid Fund 13,Lumpsum,61781,2025-07-02,Pending
265,73053,672467,HDFC Mutual Fund Sectoral Fund 4,Sip,54789,2025-04-09,Pending
266,81949,260805,SBI Mutual Fund Multi Cap Fund 33,Sip,66491,2026-01-19,Verified
267,80083,720564,Franklin Templeton Sectoral Fund 20,Redemption,66230,2025-10-19,Verified
268,61099,991366,ICICI Prudential Debt Fund 10,Lumpsum,41209,2026-03-23,Verified
269,70427,843204,Mirae Asset Large Cap Fund 2,Lumpsum,34981,2026-01-19,Verified
270,79283,687271,Tata Mutual Fund Flexi Cap Fund 11,Lumpsum,43286,2026-01-29,Verified
271,32492,668248,Franklin Templeton Index Fund 24,Sip,88740,2025-05-02,Verified
272,77924,537685,ICICI Prudential Large Cap Fund 9,Sip,68041,2026-03-08,Pending
273,36894,975687,Nippon India Index Fund 21,Redemption,91667,2026-03-10,Pending
274,80968,422128,UTI Mutual Fund Flexi Cap Fund 3,Lumpsum,65027,2025-08-16,Verified
275,53193,232331,Aditya Birla Sun Life Flexi Cap Fund 26,Sip,88817,2025-02-26,Verified
276,72596,713340,Tata Mutual Fund Hybrid Fund 23,Redemption,53224,2025-10-16,Verified
277,77352,201212,DSP Mutual Fund Multi Cap Fund 31,Sip,86167,2026-05-05,Pending
278,71485,326036,Canara Robeco Large Cap Fund 16,Lumpsum,37899,2025-06-15,Pending
279,81466,975687,Nippon India Index Fund 21,Redemption,65524,2025-06-11,Pending
280,10861,428488,Canara Robeco Mid Cap Fund 17,Sip,44498,2025-05-06,Pending
281,88840,201212,DSP Mutual Fund Multi Cap Fund 31,Sip,76106,2025-09-05,Verified
282,73825,346758,Nippon India Debt Fund 8,Sip,27377,2025-09-12,Verified
283,73331,880836,DSP Mutual Fund Small Cap Fund 32,Lumpsum,3065,2025-08-15,Pending
284,79250,367334,HDFC Mutual Fund Large Cap Fund 25,Lumpsum,23375,2025-07-28,Pending
285,64811,991366,ICICI Prudential Debt Fund 10,Lumpsum,24693,2025-02-05,Verified
286,61637,592424,UTI Mutual Fund Index Fund 14,Lumpsum,90536,2025-01-06,Pending
287,85387,944560,Nippon India Small Cap Fund 28,Redemption,56837,2026-03-11,Pending
288,44510,537685,ICICI Prudential Large Cap Fund 9,Redemption,80137,2025-09-07,Verified
289,81808,232331,Aditya Birla Sun Life Flexi Cap Fund 26,Sip,48968,2025-04-06,Pending
290,66208,201212,DSP Mutual Fund Multi Cap Fund 31,Lumpsum,75677,2025-12-21,Pending
291,82366,422128,UTI Mutual Fund Flexi Cap Fund 3,Sip,5035,2026-03-13,Pending
292,14820,260805,SBI Mutual Fund Multi Cap Fund 33,Lumpsum,93706,2025-04-14,Verified
293,65154,708630,Kotak Mutual Fund Debt Fund 22,Redemption,27668,2025-10-19,Pending
294,14617,367334,HDFC Mutual Fund Large Cap Fund 25,Sip,89586,2025-11-12,Pending
295,78286,232331,Aditya Birla Sun Life Flexi Cap Fund 26,Lumpsum,80005,2025-07-06,Verified
296,92124,713340,Tata Mutual Fund Hybrid Fund 23,Lumpsum,8884,2025-07-25,Pending
297,56948,118632,Nippon India Large Cap Fund - Direct Plan Growth Plan - Growth Option,Sip,67529,2025-12-30,Verified
298,80230,317186,Axis Mutual Fund ELSS Fund 34,Sip,77226,2025-05-18,Pending
299,36132,428488,Canara Robeco Mid Cap Fund 17,Lumpsum,97029,2025-06-11,Verified
300,42024,119551,Aditya Birla Sun Life Banking & PSU Debt Fund  - DIRECT - IDCW,Sip,63351,2025-01-31,Verified
301,67316,713340,Tata Mutual Fund Hybrid Fund 23,Lumpsum,97991,2026-02-25,Verified
302,99604,843204,Mirae Asset Large Cap Fund 2,Sip,43721,2026-04-06,Verified
303,44366,201212,DSP Mutual Fund Multi Cap Fund 31,Sip,65671,2026-01-17,Verified
304,65932,326036,Canara Robeco Large Cap Fund 16,Redemption,93269,2025-10-04,Pending
305,51543,672467,HDFC Mutual Fund Sectoral Fund 4,Sip,84057,2026-03-05,Verified
306,21227,668248,Franklin Templeton Index Fund 24,Lumpsum,83844,2026-01-14,Verified
307,83634,975687,Nippon India Index Fund 21,Sip,18333,2025-06-02,Pending
308,60695,713340,Tata Mutual Fund Hybrid Fund 23,Lumpsum,68856,2025-06-03,Verified
309,69284,428488,Canara Robeco Mid Cap Fund 17,Redemption,99819,2025-04-24,Pending
310,50544,792521,DSP Mutual Fund ELSS Fund 1,Redemption,44101,2026-03-17,Verified
311,51979,326036,Canara Robeco Large Cap Fund 16,Sip,26855,2025-10-28,Pending
312,59216,407874,UTI Mutual Fund Flexi Cap Fund 18,Sip,13576,2025-07-17,Pending
313,72275,544516,SBI Mutual Fund Large Cap Fund 6,Redemption,1356,2025-09-18,Verified
314,61300,260805,SBI Mutual Fund Multi Cap Fund 33,Lumpsum,69458,2025-12-14,Verified
315,49850,991366,ICICI Prudential Debt Fund 10,Sip,25055,2025-01-11,Pending
316,86810,367334,HDFC Mutual Fund Large Cap Fund 25,Sip,33372,2025-03-24,Verified
317,59714,720564,Franklin Templeton Sectoral Fund 20,Sip,85873,2026-02-21,Pending
318,17861,346758,Nippon India Debt Fund 8,Lumpsum,61661,2026-03-05,Pending
319,77542,118632,Nippon India Large Cap Fund - Direct Plan Growth Plan - Growth Option,Sip,28931,2025-12-18,Pending
320,28884,537685,ICICI Prudential Large Cap Fund 9,Sip,2109,2025-03-06,Verified
321,33584,428488,Canara Robeco Mid Cap Fund 17,Redemption,13745,2025-11-16,Pending
322,55720,119092,HDFC Money Market Fund - Growth Option - Direct Plan,Redemption,44017,2025-05-11,Pending
323,31109,120503,Axis ELSS Tax Saver Fund - Direct Plan - Growth Option,Sip,28768,2025-02-24,Verified
324,88246,317186,Axis Mutual Fund ELSS Fund 34,Redemption,85196,2026-05-03,Pending
325,66455,672467,HDFC Mutual Fund Sectoral Fund 4,Sip,35304,2025-09-23,Pending
326,66365,537685,ICICI Prudential Large Cap Fund 9,Lumpsum,94530,2025-05-30,Verified
327,78204,119092,HDFC Money Market Fund - Growth Option - Direct Plan,Redemption,9589,2026-03-24,Pending
328,39566,422128,UTI Mutual Fund Flexi Cap Fund 3,Redemption,71942,2025-07-21,Pending
329,14513,843204,Mirae Asset Large Cap Fund 2,Sip,80081,2025-03-08,Pending
330,72678,713340,Tata Mutual Fund Hybrid Fund 23,Lumpsum,80290,2025-10-02,Verified
331,55541,232331,Aditya Birla Sun Life Flexi Cap Fund 26,Lumpsum,83238,2025-12-13,Verified
332,12449,260805,SBI Mutual Fund Multi Cap Fund 33,Redemption,25349,2026-04-08,Verified
333,97645,428488,Canara Robeco Mid Cap Fund 17,Lumpsum,41110,2025-12-07,Pending
334,47657,668248,Franklin Templeton Index Fund 24,Lumpsum,62828,2025-07-05,Verified
335,81398,234499,Kotak Mutual Fund Multi Cap Fund 7,Lumpsum,18537,2026-03-08,Verified
336,85550,537685,ICICI Prudential Large Cap Fund 9,Sip,5329,2026-03-12,Verified
337,54476,407874,UTI Mutual Fund Flexi Cap Fund 18,Lumpsum,37854,2026-02-11,Verified
338,79701,991366,ICICI Prudential Debt Fund 10,Redemption,26017,2025-06-21,Verified
339,44701,621203,HDFC Mutual Fund Debt Fund 12,Sip,79259,2025-01-30,Pending
340,97351,428488,Canara Robeco Mid Cap Fund 17,Sip,72455,2025-03-31,Verified
341,76635,944560,Nippon India Small Cap Fund 28,Lumpsum,73245,2025-09-17,Pending
342,68484,326036,Canara Robeco Large Cap Fund 16,Sip,27893,2025-08-20,Pending
343,44844,232331,Aditya Birla Sun Life Flexi Cap Fund 26,Redemption,52063,2025-02-26,Pending
344,98005,326036,Canara Robeco Large Cap Fund 16,Sip,75958,2025-12-15,Verified
345,70086,537685,ICICI Prudential Large Cap Fund 9,Redemption,20552,2025-12-29,Pending
346,85123,428488,Canara Robeco Mid Cap Fund 17,Sip,11086,2025-10-26,Pending
347,67904,707312,HDFC Mutual Fund Mid Cap Fund 30,Sip,13891,2025-03-20,Pending
348,62237,944560,Nippon India Small Cap Fund 28,Sip,76198,2025-05-12,Verified
349,75458,119551,Aditya Birla Sun Life Banking & PSU Debt Fund  - DIRECT - IDCW,Sip,15208,2026-01-01,Pending
350,14179,346758,Nippon India Debt Fund 8,Redemption,3605,2025-08-22,Pending
351,14487,713340,Tata Mutual Fund Hybrid Fund 23,Lumpsum,44262,2026-04-11,Verified
352,91038,317186,Axis Mutual Fund ELSS Fund 34,Sip,34459,2025-08-25,Pending
353,15737,721881,Aditya Birla Sun Life Small Cap Fund 5,Sip,35170,2025-03-21,Pending
354,25373,120841,quant Mid Cap Fund - Growth Option - Direct Plan,Lumpsum,54447,2025-03-19,Verified
355,10704,975687,Nippon India Index Fund 21,Redemption,20577,2025-12-25,Verified
356,50787,537685,ICICI Prudential Large Cap Fund 9,Lumpsum,67911,2026-05-05,Verified
357,46171,428488,Canara Robeco Mid Cap Fund 17,Lumpsum,82707,2025-11-27,Verified
358,83234,317186,Axis Mutual Fund ELSS Fund 34,Sip,49276,2025-11-26,Verified
359,48448,346758,Nippon India Debt Fund 8,Sip,29492,2026-04-30,Verified
360,93782,125497,SBI Small Cap Fund - Direct Plan - Growth,Redemption,64754,2026-02-27,Pending
361,70955,880836,DSP Mutual Fund Small Cap Fund 32,Sip,63588,2025-05-05,Verified
362,21992,721881,Aditya Birla Sun Life Small Cap Fund 5,Redemption,20527,2025-01-05,Verified
363,69022,120503,Axis ELSS Tax Saver Fund - Direct Plan - Growth Option,Lumpsum,43633,2026-02-01,Verified
364,75418,119092,HDFC Money Market Fund - Growth Option - Direct Plan,Lumpsum,57512,2025-04-21,Verified
365,96667,708630,Kotak Mutual Fund Debt Fund 22,Redemption,17897,2026-02-17,Pending
366,41177,880836,DSP Mutual Fund Small Cap Fund 32,Lumpsum,80706,2025-01-06,Pending
367,90245,792521,DSP Mutual Fund ELSS Fund 1,Lumpsum,16228,2025-12-29,Verified
368,50237,687271,Tata Mutual Fund Flexi Cap Fund 11,Redemption,10136,2026-03-24,Verified
369,43197,537685,ICICI Prudential Large Cap Fund 9,Redemption,53622,2025-06-19,Verified
370,29962,428488,Canara Robeco Mid Cap Fund 17,Sip,80077,2025-10-27,Verified
371,73357,991366,ICICI Prudential Debt Fund 10,Sip,91497,2025-12-24,Pending
372,15059,120503,Axis ELSS Tax Saver Fund - Direct Plan - Growth Option,Lumpsum,55840,2025-09-12,Pending
373,15612,119092,HDFC Money Market Fund - Growth Option - Direct Plan,Sip,89033,2025-08-25,Pending
374,18397,720564,Franklin Templeton Sectoral Fund 20,Redemption,17739,2025-09-19,Verified
375,31296,792521,DSP Mutual Fund ELSS Fund 1,Redemption,15681,2025-12-25,Pending
376,92788,668248,Franklin Templeton Index Fund 24,Lumpsum,12849,2025-09-09,Verified
377,66535,346758,Nippon India Debt Fund 8,Lumpsum,12756,2026-05-13,Verified
378,72517,422128,UTI Mutual Fund Flexi Cap Fund 3,Lumpsum,84668,2025-03-03,Verified
379,13827,119551,Aditya Birla Sun Life Banking & PSU Debt Fund  - DIRECT - IDCW,Lumpsum,7264,2026-02-05,Verified
380,19780,367334,HDFC Mutual Fund Large Cap Fund 25,Lumpsum,43878,2025-07-24,Verified
381,93280,346758,Nippon India Debt Fund 8,Sip,21811,2026-03-24,Pending
382,37831,991366,ICICI Prudential Debt Fund 10,Sip,53702,2026-04-17,Pending
383,97800,120841,quant Mid Cap Fund - Growth Option - Direct Plan,Redemption,46134,2026-03-27,Pending
384,55750,708630,Kotak Mutual Fund Debt Fund 22,Redemption,68860,2025-03-06,Pending
385,28030,944560,Nippon India Small Cap Fund 28,Sip,70898,2026-01-13,Verified
386,83346,201212,DSP Mutual Fund Multi Cap Fund 31,Redemption,83763,2025-07-01,Pending
387,61519,792521,DSP Mutual Fund ELSS Fund 1,Lumpsum,44261,2025-05-19,Pending
388,99949,880836,DSP Mutual Fund Small Cap Fund 32,Sip,61479,2026-03-10,Pending
389,58141,843204,Mirae Asset Large Cap Fund 2,Redemption,3744,2026-05-05,Pending
390,89821,880836,DSP Mutual Fund Small Cap Fund 32,Lumpsum,75311,2025-01-15,Verified
391,30157,707312,HDFC Mutual Fund Mid Cap Fund 30,Sip,59692,2025-12-31,Pending
392,74634,739532,Edelweiss Mutual Fund Hybrid Fund 13,Lumpsum,39762,2026-03-18,Pending
393,12196,537685,ICICI Prudential Large Cap Fund 9,Redemption,34132,2025-11-30,Verified
394,92960,234499,Kotak Mutual Fund Multi Cap Fund 7,Sip,15340,2025-08-08,Pending
395,71660,125497,SBI Small Cap Fund - Direct Plan - Growth,Sip,58983,2026-03-16,Pending
396,77765,232331,Aditya Birla Sun Life Flexi Cap Fund 26,Lumpsum,1569,2025-05-27,Verified
397,98932,201212,DSP Mutual Fund Multi Cap Fund 31,Sip,2154,2025-04-26,Pending
398,20137,792521,DSP Mutual Fund ELSS Fund 1,Lumpsum,17649,2025-12-11,Pending
399,50073,672467,HDFC Mutual Fund Sectoral Fund 4,Sip,89207,2026-05-14,Pending
400,42933,234499,Kotak Mutual Fund Multi Cap Fund 7,Redemption,8464,2025-09-17,Pending
401,43083,317186,Axis Mutual Fund ELSS Fund 34,Redemption,44906,2026-03-29,Verified
402,44372,991366,ICICI Prudential Debt Fund 10,Redemption,24284,2025-11-04,Pending
403,50096,346758,Nippon India Debt Fund 8,Redemption,91155,2025-08-21,Verified
404,73124,687271,Tata Mutual Fund Flexi Cap Fund 11,Sip,31000,2025-03-07,Verified
405,63108,708630,Kotak Mutual Fund Debt Fund 22,Sip,53106,2025-01-02,Verified
406,24960,687271,Tata Mutual Fund Flexi Cap Fund 11,Sip,91920,2025-09-02,Verified
407,51392,621203,HDFC Mutual Fund Debt Fund 12,Redemption,20604,2025-07-04,Pending
408,62842,120503,Axis ELSS Tax Saver Fund - Direct Plan - Growth Option,Redemption,24905,2026-03-25,Verified
409,61234,687271,Tata Mutual Fund Flexi Cap Fund 11,Sip,88712,2025-01-10,Verified
410,64416,544516,SBI Mutual Fund Large Cap Fund 6,Lumpsum,62954,2026-01-27,Pending
411,71418,201212,DSP Mutual Fund Multi Cap Fund 31,Lumpsum,11671,2025-12-21,Pending
412,51174,720564,Franklin Templeton Sectoral Fund 20,Lumpsum,45589,2025-08-09,Pending
413,97096,592424,UTI Mutual Fund Index Fund 14,Redemption,42091,2026-05-06,Pending
414,28671,120841,quant Mid Cap Fund - Growth Option - Direct Plan,Redemption,50404,2026-01-22,Verified
415,57421,720564,Franklin Templeton Sectoral Fund 20,Redemption,57249,2025-08-16,Verified
416,87366,944560,Nippon India Small Cap Fund 28,Sip,9531,2025-07-13,Pending
417,10653,422128,UTI Mutual Fund Flexi Cap Fund 3,Redemption,1239,2025-01-23,Verified
418,65277,317186,Axis Mutual Fund ELSS Fund 34,Redemption,17973,2026-01-12,Verified
419,83412,592424,UTI Mutual Fund Index Fund 14,Redemption,37113,2025-04-28,Verified
420,30678,367334,HDFC Mutual Fund Large Cap Fund 25,Redemption,7605,2025-05-27,Verified
421,62548,944560,Nippon India Small Cap Fund 28,Redemption,82320,2025-01-06,Pending
422,57112,843204,Mirae Asset Large Cap Fund 2,Redemption,7014,2025-05-06,Pending
423,60360,428488,Canara Robeco Mid Cap Fund 17,Redemption,99148,2025-01-19,Verified
424,89846,792521,DSP Mutual Fund ELSS Fund 1,Lumpsum,17314,2026-02-23,Verified
425,85750,792521,DSP Mutual Fund ELSS Fund 1,Lumpsum,18930,2026-01-29,Pending
426,80708,975687,Nippon India Index Fund 21,Redemption,79513,2025-02-17,Verified
427,44595,317186,Axis Mutual Fund ELSS Fund 34,Lumpsum,69393,2025-09-26,Verified
428,30701,720564,Franklin Templeton Sectoral Fund 20,Sip,7511,2026-02-15,Verified
429,93294,428488,Canara Robeco Mid Cap Fund 17,Sip,43571,2025-08-19,Pending
430,72506,668248,Franklin Templeton Index Fund 24,Lumpsum,13243,2025-07-20,Pending
431,64684,317186,Axis Mutual Fund ELSS Fund 34,Lumpsum,75389,2025-12-06,Pending
432,25910,880836,DSP Mutual Fund Small Cap Fund 32,Redemption,60262,2025-08-21,Verified
433,43621,118632,Nippon India Large Cap Fund - Direct Plan Growth Plan - Growth Option,Lumpsum,2195,2026-03-08,Pending
434,40937,326036,Canara Robeco Large Cap Fund 16,Lumpsum,59021,2026-03-11,Pending
435,98663,260805,SBI Mutual Fund Multi Cap Fund 33,Sip,7517,2025-10-22,Pending
436,27859,720564,Franklin Templeton Sectoral Fund 20,Sip,19243,2026-05-06,Verified
437,34505,739532,Edelweiss Mutual Fund Hybrid Fund 13,Lumpsum,65277,2025-05-29,Pending
438,14786,843204,Mirae Asset Large Cap Fund 2,Redemption,48732,2025-09-21,Verified
439,31555,367334,HDFC Mutual Fund Large Cap Fund 25,Sip,52248,2026-04-23,Pending
440,82533,739532,Edelweiss Mutual Fund Hybrid Fund 13,Lumpsum,72383,2025-11-19,Verified
441,33172,720564,Franklin Templeton Sectoral Fund 20,Lumpsum,23270,2026-02-05,Verified
442,62008,201212,DSP Mutual Fund Multi Cap Fund 31,Sip,70947,2025-03-25,Verified
443,88350,739532,Edelweiss Mutual Fund Hybrid Fund 13,Sip,81771,2025-01-27,Verified
444,30932,991366,ICICI Prudential Debt Fund 10,Sip,34856,2025-05-14,Verified
445,61617,720564,Franklin Templeton Sectoral Fund 20,Lumpsum,43598,2025-09-28,Verified
446,81266,422128,UTI Mutual Fund Flexi Cap Fund 3,Redemption,17283,2026-01-18,Verified
447,21695,260805,SBI Mutual Fund Multi Cap Fund 33,Sip,23655,2025-12-03,Pending
448,97301,234499,Kotak Mutual Fund Multi Cap Fund 7,Lumpsum,60176,2025-09-06,Pending
449,93855,120503,Axis ELSS Tax Saver Fund - Direct Plan - Growth Option,Lumpsum,61708,2025-12-19,Verified
450,15604,422128,UTI Mutual Fund Flexi Cap Fund 3,Sip,17439,2026-03-22,Pending
451,29427,721881,Aditya Birla Sun Life Small Cap Fund 5,Lumpsum,3708,2025-06-12,Verified
452,71697,707312,HDFC Mutual Fund Mid Cap Fund 30,Lumpsum,10575,2025-03-13,Pending
453,75821,664735,Franklin Templeton Hybrid Fund 19,Lumpsum,21493,2025-05-17,Pending
454,56576,407874,UTI Mutual Fund Flexi Cap Fund 18,Sip,40741,2025-04-28,Pending
455,75028,234499,Kotak Mutual Fund Multi Cap Fund 7,Redemption,47861,2025-01-18,Pending
456,12945,260805,SBI Mutual Fund Multi Cap Fund 33,Sip,92509,2025-10-02,Pending
457,57400,857086,Canara Robeco ELSS Fund 29,Redemption,55541,2025-01-03,Verified
458,72204,260805,SBI Mutual Fund Multi Cap Fund 33,Redemption,19244,2025-06-04,Pending
459,73556,707312,HDFC Mutual Fund Mid Cap Fund 30,Redemption,11233,2025-02-16,Pending
460,80007,201212,DSP Mutual Fund Multi Cap Fund 31,Sip,10565,2025-11-26,Pending
461,23006,792521,DSP Mutual Fund ELSS Fund 1,Lumpsum,50097,2025-08-01,Pending
462,81861,346758,Nippon India Debt Fund 8,Redemption,30621,2025-06-22,Pending
463,37548,668248,Franklin Templeton Index Fund 24,Sip,2023,2026-05-07,Verified
464,38034,527330,Nippon India Small Cap Fund 15,Lumpsum,80769,2025-12-19,Verified
465,68826,317186,Axis Mutual Fund ELSS Fund 34,Redemption,92586,2025-08-09,Verified
466,78460,317186,Axis Mutual Fund ELSS Fund 34,Lumpsum,31531,2025-09-24,Verified
467,10803,621203,HDFC Mutual Fund Debt Fund 12,Redemption,86761,2026-01-11,Verified
468,45522,119092,HDFC Money Market Fund - Growth Option - Direct Plan,Sip,83292,2025-02-18,Pending
469,88772,944560,Nippon India Small Cap Fund 28,Redemption,58938,2025-03-05,Verified
470,93180,687271,Tata Mutual Fund Flexi Cap Fund 11,Lumpsum,33671,2025-01-20,Pending
471,41870,118632,Nippon India Large Cap Fund - Direct Plan Growth Plan - Growth Option,Redemption,19835,2026-04-27,Pending
472,67433,346758,Nippon India Debt Fund 8,Sip,61983,2026-03-31,Verified
473,82471,234499,Kotak Mutual Fund Multi Cap Fund 7,Sip,31407,2025-01-15,Pending
474,42749,668248,Franklin Templeton Index Fund 24,Redemption,32028,2025-06-06,Verified
475,93256,120503,Axis ELSS Tax Saver Fund - Direct Plan - Growth Option,Redemption,44574,2025-01-01,Verified
476,64918,592424,UTI Mutual Fund Index Fund 14,Redemption,30917,2026-02-01,Pending
477,40682,407874,UTI Mutual Fund Flexi Cap Fund 18,Lumpsum,96564,2025-10-19,Pending
478,24613,234499,Kotak Mutual Fund Multi Cap Fund 7,Sip,88165,2025-11-27,Verified
479,21860,991366,ICICI Prudential Debt Fund 10,Sip,61498,2026-03-31,Pending
480,48203,720564,Franklin Templeton Sectoral Fund 20,Lumpsum,24432,2025-04-28,Verified
481,82848,621203,HDFC Mutual Fund Debt Fund 12,Sip,98408,2025-09-11,Verified
482,69052,944560,Nippon India Small Cap Fund 28,Redemption,98095,2025-11-26,Pending
483,93286,713340,Tata Mutual Fund Hybrid Fund 23,Lumpsum,23528,2025-08-24,Pending
484,34529,672467,HDFC Mutual Fund Sectoral Fund 4,Lumpsum,90946,2026-04-21,Verified
485,46773,621203,HDFC Mutual Fund Debt Fund 12,Lumpsum,17809,2026-05-15,Pending
486,86132,792521,DSP Mutual Fund ELSS Fund 1,Redemption,20573,2025-01-25,Pending
487,25630,713340,Tata Mutual Fund Hybrid Fund 23,Sip,69516,2025-12-23,Verified
488,17824,707312,HDFC Mutual Fund Mid Cap Fund 30,Redemption,37705,2025-03-10,Pending
489,68696,428488,Canara Robeco Mid Cap Fund 17,Redemption,93989,2026-04-26,Verified
490,66842,260805,SBI Mutual Fund Multi Cap Fund 33,Lumpsum,80166,2025-05-18,Pending
491,58474,672467,HDFC Mutual Fund Sectoral Fund 4,Sip,26120,2025-10-11,Verified
492,43541,707312,HDFC Mutual Fund Mid Cap Fund 30,Lumpsum,72439,2025-09-09,Pending
493,84737,792521,DSP Mutual Fund ELSS Fund 1,Lumpsum,88568,2025-06-28,Verified
494,67308,260805,SBI Mutual Fund Multi Cap Fund 33,Lumpsum,13230,2025-12-30,Verified
495,71110,120841,quant Mid Cap Fund - Growth Option - Direct Plan,Lumpsum,13864,2025-06-16,Pending
496,56070,422128,UTI Mutual Fund Flexi Cap Fund 3,Sip,20514,2025-09-17,Pending
497,18148,346758,Nippon India Debt Fund 8,Lumpsum,59925,2026-01-24,Pending
498,27702,857086,Canara Robeco ELSS Fund 29,Lumpsum,57022,2025-02-09,Verified
499,55075,544516,SBI Mutual Fund Large Cap Fund 6,Lumpsum,76303,2026-02-04,Pending
500,70331,544516,SBI Mutual Fund Large Cap Fund 6,Sip,45513,2025-04-15,Verified
501,97777,407874,UTI Mutual Fund Flexi Cap Fund 18,Sip,52307,2025-02-04,Pending
502,59224,672467,HDFC Mutual Fund Sectoral Fund 4,Sip,83078,2025-03-12,Pending
503,77225,991366,ICICI Prudential Debt Fund 10,Sip,61143,2025-03-28,Pending
504,22372,232331,Aditya Birla Sun Life Flexi Cap Fund 26,Sip,66438,2025-11-16,Pending
505,29864,119551,Aditya Birla Sun Life Banking & PSU Debt Fund  - DIRECT - IDCW,Redemption,88269,2026-01-22,Pending
506,75306,537685,ICICI Prudential Large Cap Fund 9,Lumpsum,92353,2025-06-23,Verified
507,25755,857086,Canara Robeco ELSS Fund 29,Sip,80629,2025-03-01,Pending
508,74790,317186,Axis Mutual Fund ELSS Fund 34,Sip,54423,2026-02-24,Pending
509,64684,672467,HDFC Mutual Fund Sectoral Fund 4,Lumpsum,32072,2026-02-02,Pending
510,71018,537685,ICICI Prudential Large Cap Fund 9,Sip,1170,2025-08-11,Verified
511,26564,201212,DSP Mutual Fund Multi Cap Fund 31,Sip,59150,2025-01-17,Pending
512,35471,592424,UTI Mutual Fund Index Fund 14,Sip,17536,2025-11-05,Verified
513,27361,707312,HDFC Mutual Fund Mid Cap Fund 30,Redemption,64955,2026-03-29,Pending
514,60415,664735,Franklin Templeton Hybrid Fund 19,Sip,9916,2026-01-27,Verified
515,52465,428488,Canara Robeco Mid Cap Fund 17,Lumpsum,36885,2026-03-04,Verified
516,95300,317186,Axis Mutual Fund ELSS Fund 34,Lumpsum,46218,2025-09-01,Pending
517,12041,125497,SBI Small Cap Fund - Direct Plan - Growth,Lumpsum,87293,2025-04-26,Verified
518,95326,544516,SBI Mutual Fund Large Cap Fund 6,Redemption,5577,2025-10-21,Pending
519,78085,720564,Franklin Templeton Sectoral Fund 20,Lumpsum,42645,2025-06-19,Verified
520,31295,544516,SBI Mutual Fund Large Cap Fund 6,Lumpsum,75380,2025-09-15,Verified
521,53651,975687,Nippon India Index Fund 21,Lumpsum,80827,2025-06-16,Pending
522,48084,428488,Canara Robeco Mid Cap Fund 17,Redemption,39392,2025-10-02,Verified
523,67948,317186,Axis Mutual Fund ELSS Fund 34,Sip,61812,2026-01-16,Pending
524,41747,422128,UTI Mutual Fund Flexi Cap Fund 3,Sip,61467,2026-05-01,Verified
525,93690,537685,ICICI Prudential Large Cap Fund 9,Sip,77722,2025-02-07,Pending
526,87997,843204,Mirae Asset Large Cap Fund 2,Lumpsum,68193,2025-06-29,Pending
527,21636,792521,DSP Mutual Fund ELSS Fund 1,Redemption,24974,2025-01-17,Pending
528,30557,407874,UTI Mutual Fund Flexi Cap Fund 18,Sip,68532,2025-10-27,Pending
529,46956,234499,Kotak Mutual Fund Multi Cap Fund 7,Sip,57533,2025-11-18,Verified
530,87695,527330,Nippon India Small Cap Fund 15,Sip,72775,2026-02-21,Pending
531,14091,621203,HDFC Mutual Fund Debt Fund 12,Lumpsum,4276,2025-05-05,Pending
532,28664,672467,HDFC Mutual Fund Sectoral Fund 4,Lumpsum,54879,2025-01-26,Pending
533,59044,428488,Canara Robeco Mid Cap Fund 17,Sip,9476,2025-07-06,Pending
534,52621,721881,Aditya Birla Sun Life Small Cap Fund 5,Redemption,53024,2025-05-11,Verified
535,17570,537685,ICICI Prudential Large Cap Fund 9,Redemption,83878,2025-06-09,Pending
536,93042,621203,HDFC Mutual Fund Debt Fund 12,Sip,66288,2025-05-21,Verified
537,71284,118632,Nippon India Large Cap Fund - Direct Plan Growth Plan - Growth Option,Sip,96589,2026-01-08,Verified
538,16984,707312,HDFC Mutual Fund Mid Cap Fund 30,Lumpsum,64439,2025-06-24,Verified
539,57049,120841,quant Mid Cap Fund - Growth Option - Direct Plan,Redemption,53121,2025-05-28,Verified
540,10821,708630,Kotak Mutual Fund Debt Fund 22,Redemption,46027,2025-05-09,Verified
541,47455,668248,Franklin Templeton Index Fund 24,Redemption,39068,2025-08-03,Verified
542,71965,707312,HDFC Mutual Fund Mid Cap Fund 30,Redemption,84306,2025-06-11,Verified
543,39445,668248,Franklin Templeton Index Fund 24,Redemption,57119,2026-04-05,Verified
544,66519,944560,Nippon India Small Cap Fund 28,Lumpsum,16096,2025-12-11,Pending
545,63054,428488,Canara Robeco Mid Cap Fund 17,Redemption,87525,2026-01-15,Verified
546,46266,346758,Nippon India Debt Fund 8,Redemption,4870,2025-04-02,Verified
547,50375,720564,Franklin Templeton Sectoral Fund 20,Sip,7663,2025-06-11,Pending
548,32917,880134,DSP Mutual Fund Hybrid Fund 27,Sip,35245,2025-12-01,Pending
549,72319,975687,Nippon India Index Fund 21,Sip,70732,2026-02-04,Pending
550,29352,232331,Aditya Birla Sun Life Flexi Cap Fund 26,Sip,36808,2025-07-30,Pending
551,58350,991366,ICICI Prudential Debt Fund 10,Redemption,30457,2025-03-11,Pending
552,69995,713340,Tata Mutual Fund Hybrid Fund 23,Lumpsum,8319,2026-01-21,Verified
553,72657,232331,Aditya Birla Sun Life Flexi Cap Fund 26,Sip,12530,2025-11-10,Pending
554,47115,537685,ICICI Prudential Large Cap Fund 9,Lumpsum,83631,2025-12-20,Verified
555,97041,944560,Nippon India Small Cap Fund 28,Lumpsum,1349,2025-04-23,Pending
556,15738,544516,SBI Mutual Fund Large Cap Fund 6,Sip,32491,2025-12-05,Pending
557,82747,118632,Nippon India Large Cap Fund - Direct Plan Growth Plan - Growth Option,Sip,25630,2026-03-02,Verified
558,70198,672467,HDFC Mutual Fund Sectoral Fund 4,Lumpsum,48341,2025-11-22,Pending
559,55063,422128,UTI Mutual Fund Flexi Cap Fund 3,Lumpsum,75462,2025-01-25,Pending
560,18056,668248,Franklin Templeton Index Fund 24,Lumpsum,95423,2025-04-02,Verified
561,54446,880836,DSP Mutual Fund Small Cap Fund 32,Lumpsum,12606,2025-09-16,Verified
562,65289,843204,Mirae Asset Large Cap Fund 2,Lumpsum,44970,2025-12-16,Pending
563,15898,201212,DSP Mutual Fund Multi Cap Fund 31,Redemption,44124,2026-05-07,Verified
564,50291,428488,Canara Robeco Mid Cap Fund 17,Sip,78017,2026-04-18,Pending
565,75234,407874,UTI Mutual Fund Flexi Cap Fund 18,Lumpsum,83144,2026-05-16,Verified
566,19727,118632,Nippon India Large Cap Fund - Direct Plan Growth Plan - Growth Option,Lumpsum,73876,2025-10-11,Pending
567,90249,944560,Nippon India Small Cap Fund 28,Redemption,70102,2026-03-20,Verified
568,64542,592424,UTI Mutual Fund Index Fund 14,Lumpsum,45480,2025-12-19,Verified
569,76387,120503,Axis ELSS Tax Saver Fund - Direct Plan - Growth Option,Sip,35245,2026-04-26,Verified
570,50001,713340,Tata Mutual Fund Hybrid Fund 23,Lumpsum,8809,2025-08-26,Pending
571,90605,234499,Kotak Mutual Fund Multi Cap Fund 7,Sip,28916,2026-02-17,Verified
572,83012,407874,UTI Mutual Fund Flexi Cap Fund 18,Lumpsum,44525,2026-05-05,Pending
573,81830,687271,Tata Mutual Fund Flexi Cap Fund 11,Redemption,13829,2025-01-08,Pending
574,21374,687271,Tata Mutual Fund Flexi Cap Fund 11,Redemption,64975,2025-01-11,Verified
575,13748,857086,Canara Robeco ELSS Fund 29,Redemption,66247,2025-07-19,Pending
576,32986,713340,Tata Mutual Fund Hybrid Fund 23,Lumpsum,67138,2026-01-30,Pending
577,81260,843204,Mirae Asset Large Cap Fund 2,Lumpsum,4836,2026-03-18,Verified
578,83607,880134,DSP Mutual Fund Hybrid Fund 27,Lumpsum,61562,2025-10-13,Verified
579,11864,346758,Nippon India Debt Fund 8,Redemption,31764,2026-04-13,Verified
580,11212,367334,HDFC Mutual Fund Large Cap Fund 25,Redemption,3342,2025-03-17,Pending
581,48106,792521,DSP Mutual Fund ELSS Fund 1,Sip,89031,2025-01-26,Pending
582,17723,317186,Axis Mutual Fund ELSS Fund 34,Sip,52783,2025-02-25,Verified
583,41362,944560,Nippon India Small Cap Fund 28,Lumpsum,73151,2025-05-31,Pending
584,71054,672467,HDFC Mutual Fund Sectoral Fund 4,Redemption,17619,2025-11-26,Pending
585,66935,708630,Kotak Mutual Fund Debt Fund 22,Sip,58695,2026-05-13,Pending
586,39080,707312,HDFC Mutual Fund Mid Cap Fund 30,Redemption,9377,2026-03-19,Verified
587,65632,880836,DSP Mutual Fund Small Cap Fund 32,Sip,54316,2025-12-09,Pending
588,43380,119092,HDFC Money Market Fund - Growth Option - Direct Plan,Redemption,31945,2026-04-30,Pending
589,12812,201212,DSP Mutual Fund Multi Cap Fund 31,Redemption,59922,2025-10-31,Verified
590,94904,664735,Franklin Templeton Hybrid Fund 19,Redemption,17123,2025-01-06,Pending
591,24131,537685,ICICI Prudential Large Cap Fund 9,Sip,8123,2025-08-19,Verified
592,68694,527330,Nippon India Small Cap Fund 15,Lumpsum,8984,2025-11-24,Verified
593,61847,544516,SBI Mutual Fund Large Cap Fund 6,Sip,53934,2025-12-13,Verified
594,49198,944560,Nippon India Small Cap Fund 28,Lumpsum,51940,2025-03-26,Pending
595,15033,232331,Aditya Birla Sun Life Flexi Cap Fund 26,Lumpsum,37606,2026-02-21,Verified
596,49868,317186,Axis Mutual Fund ELSS Fund 34,Sip,6373,2025-07-27,Verified
597,85516,527330,Nippon India Small Cap Fund 15,Lumpsum,53753,2025-02-11,Verified
598,60365,120841,quant Mid Cap Fund - Growth Option - Direct Plan,Lumpsum,86707,2025-12-14,Pending
599,43071,125497,SBI Small Cap Fund - Direct Plan - Growth,Sip,26341,2026-03-16,Pending
600,70770,120503,Axis ELSS Tax Saver Fund - Direct Plan - Growth Option,Redemption,68599,2026-02-25,Pending
601,53969,664735,Franklin Templeton Hybrid Fund 19,Sip,32582,2025-10-26,Verified
602,43088,527330,Nippon India Small Cap Fund 15,Redemption,32354,2026-04-22,Pending
603,33240,721881,Aditya Birla Sun Life Small Cap Fund 5,Redemption,8200,2025-11-13,Pending
604,89423,422128,UTI Mutual Fund Flexi Cap Fund 3,Sip,90252,2026-02-01,Pending
605,87117,118632,Nippon India Large Cap Fund - Direct Plan Growth Plan - Growth Option,Redemption,91130,2025-11-09,Verified
606,80159,713340,Tata Mutual Fund Hybrid Fund 23,Redemption,28400,2025-07-09,Pending
607,99095,428488,Canara Robeco Mid Cap Fund 17,Sip,6389,2025-11-25,Verified
608,66537,422128,UTI Mutual Fund Flexi Cap Fund 3,Lumpsum,66260,2025-11-20,Pending
609,48002,707312,HDFC Mutual Fund Mid Cap Fund 30,Sip,25504,2025-06-19,Verified
610,36592,944560,Nippon India Small Cap Fund 28,Sip,86549,2025-08-06,Verified
611,35806,537685,ICICI Prudential Large Cap Fund 9,Lumpsum,13177,2026-03-01,Pending
612,97098,119092,HDFC Money Market Fund - Growth Option - Direct Plan,Lumpsum,13956,2026-03-22,Pending
613,38324,687271,Tata Mutual Fund Flexi Cap Fund 11,Redemption,16803,2025-06-19,Pending
614,39413,407874,UTI Mutual Fund Flexi Cap Fund 18,Sip,39758,2026-01-29,Pending
615,77201,544516,SBI Mutual Fund Large Cap Fund 6,Lumpsum,31683,2025-02-06,Pending
616,28167,407874,UTI Mutual Fund Flexi Cap Fund 18,Lumpsum,92130,2025-09-19,Verified
617,34151,880836,DSP Mutual Fund Small Cap Fund 32,Sip,38856,2025-05-05,Verified
618,20635,120503,Axis ELSS Tax Saver Fund - Direct Plan - Growth Option,Lumpsum,10396,2026-02-16,Pending
619,81737,326036,Canara Robeco Large Cap Fund 16,Sip,765,2025-06-24,Pending
620,39370,260805,SBI Mutual Fund Multi Cap Fund 33,Redemption,29626,2025-07-24,Pending
621,96774,707312,HDFC Mutual Fund Mid Cap Fund 30,Redemption,43955,2025-06-14,Verified
622,12837,857086,Canara Robeco ELSS Fund 29,Sip,13760,2025-07-15,Pending
623,97264,687271,Tata Mutual Fund Flexi Cap Fund 11,Sip,81561,2025-04-19,Pending
624,36587,668248,Franklin Templeton Index Fund 24,Redemption,23239,2025-09-18,Verified
625,59767,792521,DSP Mutual Fund ELSS Fund 1,Sip,51112,2025-04-01,Verified
626,38463,720564,Franklin Templeton Sectoral Fund 20,Sip,65559,2025-12-05,Pending
627,39289,880836,DSP Mutual Fund Small Cap Fund 32,Sip,40242,2025-06-08,Pending
628,65066,119092,HDFC Money Market Fund - Growth Option - Direct Plan,Sip,90295,2025-10-05,Pending
629,25748,232331,Aditya Birla Sun Life Flexi Cap Fund 26,Sip,3604,2025-03-21,Verified
630,21108,118632,Nippon India Large Cap Fund - Direct Plan Growth Plan - Growth Option,Sip,29896,2025-10-15,Pending
631,71897,367334,HDFC Mutual Fund Large Cap Fund 25,Redemption,70715,2026-02-09,Verified
632,36792,944560,Nippon India Small Cap Fund 28,Redemption,19079,2026-01-22,Verified
633,70584,975687,Nippon India Index Fund 21,Lumpsum,11564,2025-11-05,Pending
634,32493,687271,Tata Mutual Fund Flexi Cap Fund 11,Lumpsum,1408,2026-01-30,Verified
635,52800,326036,Canara Robeco Large Cap Fund 16,Lumpsum,82936,2026-03-09,Verified
636,37670,592424,UTI Mutual Fund Index Fund 14,Sip,41298,2025-04-17,Verified
637,50803,672467,HDFC Mutual Fund Sectoral Fund 4,Redemption,36667,2026-01-02,Pending
638,44147,119092,HDFC Money Market Fund - Growth Option - Direct Plan,Lumpsum,89201,2025-02-10,Verified
639,95540,120503,Axis ELSS Tax Saver Fund - Direct Plan - Growth Option,Lumpsum,26747,2025-06-14,Pending
640,89234,687271,Tata Mutual Fund Flexi Cap Fund 11,Lumpsum,45366,2025-04-06,Verified
641,31875,739532,Edelweiss Mutual Fund Hybrid Fund 13,Lumpsum,74297,2025-05-22,Pending
642,89697,720564,Franklin Templeton Sectoral Fund 20,Lumpsum,50055,2025-06-10,Verified
643,37236,326036,Canara Robeco Large Cap Fund 16,Sip,77788,2025-03-03,Pending
644,22978,713340,Tata Mutual Fund Hybrid Fund 23,Redemption,73470,2025-03-10,Pending
645,87160,407874,UTI Mutual Fund Flexi Cap Fund 18,Lumpsum,4133,2025-12-04,Pending
646,67355,326036,Canara Robeco Large Cap Fund 16,Lumpsum,68447,2025-08-03,Verified
647,62670,120841,quant Mid Cap Fund - Growth Option - Direct Plan,Lumpsum,57159,2026-05-07,Verified
648,42989,119092,HDFC Money Market Fund - Growth Option - Direct Plan,Sip,73570,2025-03-01,Pending
649,69201,422128,UTI Mutual Fund Flexi Cap Fund 3,Redemption,53970,2025-10-30,Verified
650,60762,672467,HDFC Mutual Fund Sectoral Fund 4,Redemption,23470,2025-06-13,Verified
651,36671,407874,UTI Mutual Fund Flexi Cap Fund 18,Sip,99559,2026-04-10,Verified
652,38199,707312,HDFC Mutual Fund Mid Cap Fund 30,Lumpsum,74135,2025-11-27,Verified
653,58889,407874,UTI Mutual Fund Flexi Cap Fund 18,Lumpsum,21965,2025-12-04,Verified
654,58268,843204,Mirae Asset Large Cap Fund 2,Redemption,59368,2026-01-18,Verified
655,74870,621203,HDFC Mutual Fund Debt Fund 12,Lumpsum,68991,2025-04-17,Pending
656,78323,664735,Franklin Templeton Hybrid Fund 19,Lumpsum,55995,2025-07-14,Verified
657,62584,720564,Franklin Templeton Sectoral Fund 20,Redemption,45632,2026-02-13,Verified
658,77226,708630,Kotak Mutual Fund Debt Fund 22,Lumpsum,1360,2025-08-06,Verified
659,92449,317186,Axis Mutual Fund ELSS Fund 34,Redemption,95215,2026-02-08,Verified
660,47003,713340,Tata Mutual Fund Hybrid Fund 23,Sip,49537,2025-07-25,Pending
661,68976,422128,UTI Mutual Fund Flexi Cap Fund 3,Lumpsum,42963,2025-01-27,Verified
662,82288,975687,Nippon India Index Fund 21,Lumpsum,1345,2026-04-10,Verified
663,80584,428488,Canara Robeco Mid Cap Fund 17,Redemption,87194,2025-05-27,Pending
664,79387,857086,Canara Robeco ELSS Fund 29,Redemption,33323,2025-12-27,Pending
665,37475,721881,Aditya Birla Sun Life Small Cap Fund 5,Redemption,18201,2025-11-01,Verified
666,49587,944560,Nippon India Small Cap Fund 28,Redemption,85881,2025-02-24,Verified
667,79586,317186,Axis Mutual Fund ELSS Fund 34,Redemption,24312,2025-11-28,Pending
668,60024,527330,Nippon India Small Cap Fund 15,Sip,38805,2025-03-25,Pending
669,54193,232331,Aditya Birla Sun Life Flexi Cap Fund 26,Redemption,98501,2025-07-11,Verified
670,71525,234499,Kotak Mutual Fund Multi Cap Fund 7,Lumpsum,60539,2025-09-26,Pending
671,61644,201212,DSP Mutual Fund Multi Cap Fund 31,Redemption,48758,2025-01-06,Verified
672,25458,527330,Nippon India Small Cap Fund 15,Redemption,72423,2025-01-17,Verified
673,91144,739532,Edelweiss Mutual Fund Hybrid Fund 13,Lumpsum,31167,2025-11-21,Verified
674,33421,428488,Canara Robeco Mid Cap Fund 17,Redemption,65826,2025-09-20,Pending
675,55419,527330,Nippon India Small Cap Fund 15,Redemption,53081,2025-06-30,Verified
676,75148,234499,Kotak Mutual Fund Multi Cap Fund 7,Lumpsum,24822,2025-01-26,Verified
677,90547,326036,Canara Robeco Large Cap Fund 16,Sip,15234,2025-06-25,Pending
678,22667,708630,Kotak Mutual Fund Debt Fund 22,Redemption,78150,2025-10-22,Pending
679,94307,720564,Franklin Templeton Sectoral Fund 20,Lumpsum,99292,2026-02-25,Verified
680,93929,201212,DSP Mutual Fund Multi Cap Fund 31,Lumpsum,91765,2025-02-15,Pending
681,62300,843204,Mirae Asset Large Cap Fund 2,Lumpsum,2303,2025-04-12,Verified
682,12178,537685,ICICI Prudential Large Cap Fund 9,Redemption,87601,2026-04-16,Pending
683,11775,792521,DSP Mutual Fund ELSS Fund 1,Sip,18848,2025-06-26,Verified
684,12561,527330,Nippon India Small Cap Fund 15,Sip,36129,2026-01-16,Pending
685,38587,118632,Nippon India Large Cap Fund - Direct Plan Growth Plan - Growth Option,Lumpsum,2694,2025-07-30,Pending
686,77153,621203,HDFC Mutual Fund Debt Fund 12,Sip,47620,2025-10-18,Pending
687,68219,672467,HDFC Mutual Fund Sectoral Fund 4,Redemption,88307,2025-01-23,Pending
688,80741,232331,Aditya Birla Sun Life Flexi Cap Fund 26,Redemption,80725,2025-02-23,Pending
689,42385,232331,Aditya Birla Sun Life Flexi Cap Fund 26,Lumpsum,92712,2026-04-20,Verified
690,49610,407874,UTI Mutual Fund Flexi Cap Fund 18,Sip,19789,2026-01-31,Verified
691,96530,346758,Nippon India Debt Fund 8,Sip,15077,2025-09-03,Pending
692,90823,125497,SBI Small Cap Fund - Direct Plan - Growth,Lumpsum,94804,2025-11-02,Pending
693,71472,234499,Kotak Mutual Fund Multi Cap Fund 7,Lumpsum,81432,2025-01-01,Verified
694,82081,668248,Franklin Templeton Index Fund 24,Lumpsum,2195,2025-07-09,Verified
695,41426,346758,Nippon India Debt Fund 8,Redemption,66379,2026-02-22,Pending
696,25386,326036,Canara Robeco Large Cap Fund 16,Sip,28407,2026-01-16,Pending
697,88487,422128,UTI Mutual Fund Flexi Cap Fund 3,Redemption,2074,2025-09-03,Verified
698,15272,592424,UTI Mutual Fund Index Fund 14,Redemption,3774,2025-01-05,Verified
699,60895,944560,Nippon India Small Cap Fund 28,Sip,4269,2026-04-11,Verified
700,94936,975687,Nippon India Index Fund 21,Sip,29158,2026-04-14,Pending
701,37445,621203,HDFC Mutual Fund Debt Fund 12,Sip,60296,2025-02-10,Verified
702,30256,407874,UTI Mutual Fund Flexi Cap Fund 18,Lumpsum,8045,2025-11-03,Verified
703,81174,527330,Nippon India Small Cap Fund 15,Sip,78907,2026-04-26,Pending
704,14443,201212,DSP Mutual Fund Multi Cap Fund 31,Sip,93563,2025-05-31,Verified
705,24582,857086,Canara Robeco ELSS Fund 29,Redemption,20125,2025-07-02,Verified
706,86966,118632,Nippon India Large Cap Fund - Direct Plan Growth Plan - Growth Option,Lumpsum,19239,2026-05-16,Pending
707,63238,857086,Canara Robeco ELSS Fund 29,Sip,76215,2025-03-12,Verified
708,65278,668248,Franklin Templeton Index Fund 24,Redemption,96077,2025-02-21,Pending
709,41024,234499,Kotak Mutual Fund Multi Cap Fund 7,Sip,30530,2025-01-05,Pending
710,27476,621203,HDFC Mutual Fund Debt Fund 12,Sip,92518,2026-01-20,Pending
711,81506,672467,HDFC Mutual Fund Sectoral Fund 4,Redemption,3743,2025-08-18,Verified
712,39874,537685,ICICI Prudential Large Cap Fund 9,Sip,7202,2025-10-04,Verified
713,55962,125497,SBI Small Cap Fund - Direct Plan - Growth,Lumpsum,8612,2026-05-03,Verified
714,63546,621203,HDFC Mutual Fund Debt Fund 12,Redemption,1678,2025-03-18,Pending
715,23056,621203,HDFC Mutual Fund Debt Fund 12,Lumpsum,16820,2025-06-30,Verified
716,48173,317186,Axis Mutual Fund ELSS Fund 34,Redemption,56257,2025-09-24,Pending
717,29065,422128,UTI Mutual Fund Flexi Cap Fund 3,Lumpsum,5902,2025-09-30,Verified
718,53462,991366,ICICI Prudential Debt Fund 10,Redemption,38520,2025-09-10,Pending
719,42958,721881,Aditya Birla Sun Life Small Cap Fund 5,Sip,76418,2025-12-06,Pending
720,43900,843204,Mirae Asset Large Cap Fund 2,Sip,22757,2025-07-10,Verified
721,51768,428488,Canara Robeco Mid Cap Fund 17,Sip,17587,2025-10-04,Pending
722,78388,234499,Kotak Mutual Fund Multi Cap Fund 7,Redemption,2430,2025-02-12,Verified
723,48249,120841,quant Mid Cap Fund - Growth Option - Direct Plan,Redemption,64822,2026-01-08,Verified
724,61633,664735,Franklin Templeton Hybrid Fund 19,Sip,36567,2025-10-04,Verified
725,95117,527330,Nippon India Small Cap Fund 15,Lumpsum,34975,2026-01-28,Pending
726,60199,672467,HDFC Mutual Fund Sectoral Fund 4,Sip,40351,2026-01-22,Pending
727,29671,843204,Mirae Asset Large Cap Fund 2,Sip,78975,2026-04-10,Pending
728,80154,317186,Axis Mutual Fund ELSS Fund 34,Redemption,7905,2025-06-28,Pending
729,15869,707312,HDFC Mutual Fund Mid Cap Fund 30,Lumpsum,95763,2025-04-05,Verified
730,41373,664735,Franklin Templeton Hybrid Fund 19,Lumpsum,14052,2026-01-05,Pending
731,78042,687271,Tata Mutual Fund Flexi Cap Fund 11,Redemption,51612,2026-03-30,Verified
732,33787,346758,Nippon India Debt Fund 8,Sip,35909,2025-01-21,Pending
733,11629,713340,Tata Mutual Fund Hybrid Fund 23,Redemption,22469,2026-05-09,Verified
734,95974,544516,SBI Mutual Fund Large Cap Fund 6,Redemption,6846,2025-01-26,Pending
735,40666,125497,SBI Small Cap Fund - Direct Plan - Growth,Redemption,68206,2025-02-26,Verified
736,87205,326036,Canara Robeco Large Cap Fund 16,Redemption,79493,2025-01-23,Verified
737,88790,621203,HDFC Mutual Fund Debt Fund 12,Lumpsum,78865,2025-11-25,Pending
738,57612,991366,ICICI Prudential Debt Fund 10,Lumpsum,17235,2025-09-23,Pending
739,95583,118632,Nippon India Large Cap Fund - Direct Plan Growth Plan - Growth Option,Redemption,84328,2026-02-02,Pending
740,58169,422128,UTI Mutual Fund Flexi Cap Fund 3,Lumpsum,54509,2025-07-31,Verified
741,85593,125497,SBI Small Cap Fund - Direct Plan - Growth,Redemption,79594,2025-05-15,Verified
742,85784,527330,Nippon India Small Cap Fund 15,Sip,31556,2025-12-16,Pending
743,37488,672467,HDFC Mutual Fund Sectoral Fund 4,Sip,84970,2025-06-28,Verified
744,92048,880134,DSP Mutual Fund Hybrid Fund 27,Redemption,30087,2025-09-03,Verified
745,39534,119551,Aditya Birla Sun Life Banking & PSU Debt Fund  - DIRECT - IDCW,Lumpsum,33012,2025-06-21,Pending
746,74071,792521,DSP Mutual Fund ELSS Fund 1,Sip,6285,2025-01-10,Verified
747,57664,125497,SBI Small Cap Fund - Direct Plan - Growth,Redemption,98691,2026-02-10,Pending
748,90081,991366,ICICI Prudential Debt Fund 10,Lumpsum,12169,2025-10-04,Verified
749,60155,119551,Aditya Birla Sun Life Banking & PSU Debt Fund  - DIRECT - IDCW,Lumpsum,96585,2026-01-07,Pending
750,58937,201212,DSP Mutual Fund Multi Cap Fund 31,Lumpsum,97139,2025-03-30,Pending
751,93388,346758,Nippon India Debt Fund 8,Lumpsum,74756,2026-03-26,Pending
752,33017,720564,Franklin Templeton Sectoral Fund 20,Redemption,57714,2025-09-14,Pending
753,89638,668248,Franklin Templeton Index Fund 24,Redemption,64962,2025-09-14,Pending
754,65765,201212,DSP Mutual Fund Multi Cap Fund 31,Sip,50212,2025-03-17,Pending
755,72669,721881,Aditya Birla Sun Life Small Cap Fund 5,Lumpsum,94242,2025-10-06,Verified
756,22656,880134,DSP Mutual Fund Hybrid Fund 27,Redemption,3607,2025-01-16,Verified
757,31789,317186,Axis Mutual Fund ELSS Fund 34,Lumpsum,91710,2025-09-24,Verified
758,34602,880836,DSP Mutual Fund Small Cap Fund 32,Lumpsum,4425,2025-11-13,Verified
759,77363,880836,DSP Mutual Fund Small Cap Fund 32,Redemption,57827,2026-05-02,Pending
760,14963,668248,Franklin Templeton Index Fund 24,Sip,23030,2025-07-10,Verified
761,49383,201212,DSP Mutual Fund Multi Cap Fund 31,Sip,79780,2025-10-02,Verified
762,46225,326036,Canara Robeco Large Cap Fund 16,Sip,84528,2025-10-03,Pending
763,60661,326036,Canara Robeco Large Cap Fund 16,Sip,74108,2026-05-12,Verified
764,82360,201212,DSP Mutual Fund Multi Cap Fund 31,Lumpsum,52331,2025-03-21,Pending
765,17031,664735,Franklin Templeton Hybrid Fund 19,Redemption,94040,2025-05-26,Verified
766,52938,621203,HDFC Mutual Fund Debt Fund 12,Redemption,91723,2025-10-09,Verified
767,47516,234499,Kotak Mutual Fund Multi Cap Fund 7,Lumpsum,33306,2025-06-11,Verified
768,28396,975687,Nippon India Index Fund 21,Lumpsum,70665,2025-12-08,Verified
769,13635,120841,quant Mid Cap Fund - Growth Option - Direct Plan,Sip,82774,2025-01-03,Verified
770,64204,120841,quant Mid Cap Fund - Growth Option - Direct Plan,Redemption,78031,2026-02-10,Verified
771,28772,792521,DSP Mutual Fund ELSS Fund 1,Lumpsum,62796,2025-11-05,Pending
772,13260,260805,SBI Mutual Fund Multi Cap Fund 33,Lumpsum,13496,2025-08-23,Verified
773,43754,843204,Mirae Asset Large Cap Fund 2,Sip,3949,2026-02-08,Pending
774,23094,120841,quant Mid Cap Fund - Growth Option - Direct Plan,Lumpsum,13098,2025-04-11,Verified
775,42460,326036,Canara Robeco Large Cap Fund 16,Redemption,66136,2026-02-24,Verified
776,87070,592424,UTI Mutual Fund Index Fund 14,Lumpsum,23998,2025-07-31,Pending
777,99773,119092,HDFC Money Market Fund - Growth Option - Direct Plan,Sip,91543,2025-05-29,Verified
778,60475,407874,UTI Mutual Fund Flexi Cap Fund 18,Redemption,27580,2025-12-03,Verified
779,71467,668248,Franklin Templeton Index Fund 24,Lumpsum,31283,2025-10-05,Verified
780,14609,991366,ICICI Prudential Debt Fund 10,Redemption,78174,2026-02-03,Verified
781,30697,708630,Kotak Mutual Fund Debt Fund 22,Redemption,81671,2026-03-18,Pending
782,14196,234499,Kotak Mutual Fund Multi Cap Fund 7,Lumpsum,81853,2025-01-26,Pending
783,63693,119092,HDFC Money Market Fund - Growth Option - Direct Plan,Lumpsum,54283,2025-11-07,Verified
784,50134,119551,Aditya Birla Sun Life Banking & PSU Debt Fund  - DIRECT - IDCW,Redemption,97950,2025-05-16,Pending
785,70380,537685,ICICI Prudential Large Cap Fund 9,Lumpsum,98571,2025-12-10,Pending
786,78971,664735,Franklin Templeton Hybrid Fund 19,Redemption,11417,2025-05-02,Pending
787,34017,880836,DSP Mutual Fund Small Cap Fund 32,Lumpsum,52063,2025-07-24,Verified
788,23448,201212,DSP Mutual Fund Multi Cap Fund 31,Lumpsum,96959,2026-03-05,Verified
789,33504,537685,ICICI Prudential Large Cap Fund 9,Redemption,58935,2026-05-02,Verified
790,27750,119092,HDFC Money Market Fund - Growth Option - Direct Plan,Redemption,55076,2025-04-17,Verified
791,39287,407874,UTI Mutual Fund Flexi Cap Fund 18,Sip,86511,2026-04-30,Pending
792,83549,317186,Axis Mutual Fund ELSS Fund 34,Sip,23326,2026-02-11,Pending
793,19699,857086,Canara Robeco ELSS Fund 29,Sip,14367,2025-12-01,Pending
794,14875,527330,Nippon India Small Cap Fund 15,Redemption,49788,2025-03-14,Verified
795,76391,672467,HDFC Mutual Fund Sectoral Fund 4,Lumpsum,34200,2025-07-28,Pending
796,23650,544516,SBI Mutual Fund Large Cap Fund 6,Lumpsum,47979,2025-08-30,Pending
797,37492,592424,UTI Mutual Fund Index Fund 14,Redemption,97625,2025-06-17,Pending
798,97467,120841,quant Mid Cap Fund - Growth Option - Direct Plan,Sip,1222,2025-08-30,Pending
799,23036,326036,Canara Robeco Large Cap Fund 16,Sip,11547,2026-02-06,Verified
800,10449,857086,Canara Robeco ELSS Fund 29,Sip,53077,2025-04-22,Verified
801,30703,668248,Franklin Templeton Index Fund 24,Lumpsum,57377,2025-02-02,Verified
802,46853,857086,Canara Robeco ELSS Fund 29,Redemption,94249,2026-04-13,Pending
803,78353,880134,DSP Mutual Fund Hybrid Fund 27,Sip,5055,2025-07-06,Verified
804,25079,880836,DSP Mutual Fund Small Cap Fund 32,Lumpsum,43331,2025-06-05,Pending
805,62739,120503,Axis ELSS Tax Saver Fund - Direct Plan - Growth Option,Redemption,38777,2025-04-29,Verified
806,28626,857086,Canara Robeco ELSS Fund 29,Sip,93279,2026-04-04,Pending
807,39028,843204,Mirae Asset Large Cap Fund 2,Sip,94277,2026-02-18,Verified
808,46528,367334,HDFC Mutual Fund Large Cap Fund 25,Sip,5928,2025-04-16,Pending
809,34209,857086,Canara Robeco ELSS Fund 29,Lumpsum,69996,2025-11-05,Pending
810,50707,317186,Axis Mutual Fund ELSS Fund 34,Redemption,2837,2025-02-22,Verified
811,55676,428488,Canara Robeco Mid Cap Fund 17,Lumpsum,16689,2025-03-19,Pending
812,79186,857086,Canara Robeco ELSS Fund 29,Redemption,80420,2025-04-14,Pending
813,32084,592424,UTI Mutual Fund Index Fund 14,Redemption,55772,2026-03-21,Verified
814,63836,708630,Kotak Mutual Fund Debt Fund 22,Redemption,72758,2025-07-07,Pending
815,65306,422128,UTI Mutual Fund Flexi Cap Fund 3,Redemption,85687,2025-05-21,Pending
816,41030,120503,Axis ELSS Tax Saver Fund - Direct Plan - Growth Option,Sip,68228,2026-01-04,Pending
817,81973,687271,Tata Mutual Fund Flexi Cap Fund 11,Sip,17566,2025-12-29,Verified
818,82076,317186,Axis Mutual Fund ELSS Fund 34,Redemption,11073,2025-08-23,Verified
819,33877,991366,ICICI Prudential Debt Fund 10,Lumpsum,92718,2026-02-10,Pending
820,68281,707312,HDFC Mutual Fund Mid Cap Fund 30,Redemption,2993,2025-02-11,Pending
821,22104,201212,DSP Mutual Fund Multi Cap Fund 31,Redemption,83962,2026-04-06,Pending
822,87200,707312,HDFC Mutual Fund Mid Cap Fund 30,Lumpsum,20971,2026-01-04,Pending
823,13577,119551,Aditya Birla Sun Life Banking & PSU Debt Fund  - DIRECT - IDCW,Sip,7780,2025-09-04,Verified
824,35917,367334,HDFC Mutual Fund Large Cap Fund 25,Redemption,40404,2026-02-20,Pending
825,79825,544516,SBI Mutual Fund Large Cap Fund 6,Sip,45589,2025-08-21,Pending
826,53134,592424,UTI Mutual Fund Index Fund 14,Redemption,22378,2025-06-04,Pending
827,51090,592424,UTI Mutual Fund Index Fund 14,Lumpsum,24247,2025-11-06,Verified
828,59919,422128,UTI Mutual Fund Flexi Cap Fund 3,Lumpsum,63776,2025-10-10,Verified
829,47124,857086,Canara Robeco ELSS Fund 29,Lumpsum,67107,2025-06-23,Pending
830,60518,843204,Mirae Asset Large Cap Fund 2,Lumpsum,81868,2025-03-31,Pending
831,94895,120841,quant Mid Cap Fund - Growth Option - Direct Plan,Sip,34604,2025-08-01,Pending
832,43753,721881,Aditya Birla Sun Life Small Cap Fund 5,Sip,7204,2025-06-24,Verified
833,16545,721881,Aditya Birla Sun Life Small Cap Fund 5,Redemption,27946,2025-10-29,Pending
834,94157,664735,Franklin Templeton Hybrid Fund 19,Sip,59659,2026-01-27,Pending
835,15745,592424,UTI Mutual Fund Index Fund 14,Sip,20128,2025-07-17,Verified
836,13535,975687,Nippon India Index Fund 21,Lumpsum,54316,2025-02-23,Verified
837,44627,544516,SBI Mutual Fund Large Cap Fund 6,Redemption,90853,2025-08-10,Verified
838,69793,713340,Tata Mutual Fund Hybrid Fund 23,Redemption,54263,2026-01-18,Pending
839,18444,232331,Aditya Birla Sun Life Flexi Cap Fund 26,Lumpsum,63402,2025-10-28,Verified
840,75491,125497,SBI Small Cap Fund - Direct Plan - Growth,Lumpsum,9444,2025-11-25,Pending
841,88273,668248,Franklin Templeton Index Fund 24,Lumpsum,64186,2025-07-20,Pending
842,10291,232331,Aditya Birla Sun Life Flexi Cap Fund 26,Lumpsum,34911,2025-08-21,Pending
843,51311,201212,DSP Mutual Fund Multi Cap Fund 31,Sip,31466,2025-12-27,Verified
844,25496,664735,Franklin Templeton Hybrid Fund 19,Sip,39441,2025-04-20,Verified
845,70017,707312,HDFC Mutual Fund Mid Cap Fund 30,Sip,38822,2025-10-14,Verified
846,69741,260805,SBI Mutual Fund Multi Cap Fund 33,Redemption,21314,2025-06-17,Verified
847,56353,120841,quant Mid Cap Fund - Growth Option - Direct Plan,Lumpsum,32311,2025-08-19,Pending
848,43865,527330,Nippon India Small Cap Fund 15,Redemption,50862,2026-01-23,Pending
849,98956,326036,Canara Robeco Large Cap Fund 16,Sip,7321,2026-05-03,Pending
850,81245,720564,Franklin Templeton Sectoral Fund 20,Sip,11607,2025-06-18,Pending
851,79037,975687,Nippon India Index Fund 21,Sip,30713,2025-11-27,Pending
852,10380,260805,SBI Mutual Fund Multi Cap Fund 33,Sip,10624,2025-10-18,Verified
853,92917,537685,ICICI Prudential Large Cap Fund 9,Lumpsum,74339,2026-02-13,Pending
854,24864,672467,HDFC Mutual Fund Sectoral Fund 4,Redemption,63564,2025-10-18,Verified
855,18855,668248,Franklin Templeton Index Fund 24,Sip,97015,2026-02-23,Verified
856,77907,668248,Franklin Templeton Index Fund 24,Redemption,53548,2025-12-07,Verified
857,60995,234499,Kotak Mutual Fund Multi Cap Fund 7,Redemption,77309,2025-10-10,Pending
858,88801,944560,Nippon India Small Cap Fund 28,Sip,65440,2025-05-24,Verified
859,82811,317186,Axis Mutual Fund ELSS Fund 34,Sip,12341,2025-09-23,Verified
860,67656,234499,Kotak Mutual Fund Multi Cap Fund 7,Sip,56878,2025-12-13,Pending
861,49986,119551,Aditya Birla Sun Life Banking & PSU Debt Fund  - DIRECT - IDCW,Lumpsum,8344,2025-06-10,Verified
862,16777,592424,UTI Mutual Fund Index Fund 14,Redemption,4751,2025-12-08,Pending
863,69321,407874,UTI Mutual Fund Flexi Cap Fund 18,Lumpsum,32984,2026-03-24,Pending
864,72099,713340,Tata Mutual Fund Hybrid Fund 23,Sip,13640,2025-11-26,Verified
865,33899,544516,SBI Mutual Fund Large Cap Fund 6,Redemption,83149,2025-08-21,Verified
866,17756,687271,Tata Mutual Fund Flexi Cap Fund 11,Lumpsum,19910,2025-02-08,Verified
867,38002,792521,DSP Mutual Fund ELSS Fund 1,Redemption,870,2025-03-02,Verified
868,93709,260805,SBI Mutual Fund Multi Cap Fund 33,Redemption,41415,2025-08-14,Verified
869,36513,944560,Nippon India Small Cap Fund 28,Redemption,55379,2025-04-11,Verified
870,83006,739532,Edelweiss Mutual Fund Hybrid Fund 13,Redemption,47769,2025-03-23,Verified
871,13937,857086,Canara Robeco ELSS Fund 29,Sip,21042,2026-04-17,Verified
872,24297,120503,Axis ELSS Tax Saver Fund - Direct Plan - Growth Option,Lumpsum,40315,2025-04-02,Verified
873,55163,346758,Nippon India Debt Fund 8,Lumpsum,94736,2026-01-23,Pending
874,86506,317186,Axis Mutual Fund ELSS Fund 34,Lumpsum,99500,2025-04-23,Verified
875,66022,232331,Aditya Birla Sun Life Flexi Cap Fund 26,Sip,63807,2025-09-11,Pending
876,81410,326036,Canara Robeco Large Cap Fund 16,Redemption,74741,2025-08-18,Pending
877,41316,317186,Axis Mutual Fund ELSS Fund 34,Redemption,62934,2025-09-19,Verified
878,89247,367334,HDFC Mutual Fund Large Cap Fund 25,Sip,15331,2026-03-03,Verified
879,49605,739532,Edelweiss Mutual Fund Hybrid Fund 13,Lumpsum,33487,2025-12-21,Verified
880,10894,664735,Franklin Templeton Hybrid Fund 19,Redemption,90064,2026-03-26,Verified
881,84939,407874,UTI Mutual Fund Flexi Cap Fund 18,Redemption,27858,2025-03-11,Verified
882,72638,125497,SBI Small Cap Fund - Direct Plan - Growth,Lumpsum,83717,2026-04-08,Pending
883,52650,537685,ICICI Prudential Large Cap Fund 9,Lumpsum,45370,2026-04-25,Pending
884,57083,407874,UTI Mutual Fund Flexi Cap Fund 18,Sip,33931,2025-09-26,Verified
885,62093,232331,Aditya Birla Sun Life Flexi Cap Fund 26,Redemption,59549,2025-11-13,Pending
886,77925,537685,ICICI Prudential Large Cap Fund 9,Redemption,55259,2025-09-27,Verified
887,94656,843204,Mirae Asset Large Cap Fund 2,Sip,55702,2025-03-24,Pending
888,10144,668248,Franklin Templeton Index Fund 24,Sip,58054,2025-02-21,Verified
889,86873,880836,DSP Mutual Fund Small Cap Fund 32,Lumpsum,73190,2025-02-11,Verified
890,90813,621203,HDFC Mutual Fund Debt Fund 12,Lumpsum,8230,2025-04-29,Pending
891,66824,232331,Aditya Birla Sun Life Flexi Cap Fund 26,Lumpsum,51217,2025-04-10,Pending
892,34047,944560,Nippon India Small Cap Fund 28,Lumpsum,71170,2025-12-31,Pending
893,95471,687271,Tata Mutual Fund Flexi Cap Fund 11,Redemption,75691,2025-06-22,Pending
894,86697,119092,HDFC Money Market Fund - Growth Option - Direct Plan,Sip,78250,2025-10-09,Pending
895,53133,664735,Franklin Templeton Hybrid Fund 19,Sip,22390,2026-05-04,Pending
896,81987,668248,Franklin Templeton Index Fund 24,Redemption,96432,2025-07-22,Pending
897,50879,234499,Kotak Mutual Fund Multi Cap Fund 7,Lumpsum,13356,2025-03-05,Pending
898,93270,527330,Nippon India Small Cap Fund 15,Lumpsum,3407,2026-04-13,Verified
899,22100,544516,SBI Mutual Fund Large Cap Fund 6,Redemption,19320,2025-01-02,Verified
900,34066,592424,UTI Mutual Fund Index Fund 14,Lumpsum,96313,2025-08-08,Verified
901,83957,880836,DSP Mutual Fund Small Cap Fund 32,Redemption,90460,2026-04-26,Verified
902,39604,118632,Nippon India Large Cap Fund - Direct Plan Growth Plan - Growth Option,Redemption,70411,2025-06-23,Pending
903,38698,592424,UTI Mutual Fund Index Fund 14,Sip,31073,2025-12-30,Verified
904,18084,260805,SBI Mutual Fund Multi Cap Fund 33,Redemption,45046,2025-05-12,Verified
905,25648,119092,HDFC Money Market Fund - Growth Option - Direct Plan,Lumpsum,58040,2025-03-09,Pending
906,13084,720564,Franklin Templeton Sectoral Fund 20,Lumpsum,15041,2025-09-12,Pending
907,90412,346758,Nippon India Debt Fund 8,Sip,54647,2025-11-14,Verified
908,79852,527330,Nippon India Small Cap Fund 15,Sip,38402,2025-04-03,Verified
909,84619,843204,Mirae Asset Large Cap Fund 2,Sip,69794,2026-03-11,Pending
910,68448,720564,Franklin Templeton Sectoral Fund 20,Sip,98604,2025-10-27,Pending
911,18957,119551,Aditya Birla Sun Life Banking & PSU Debt Fund  - DIRECT - IDCW,Sip,87475,2025-08-31,Verified
912,30633,201212,DSP Mutual Fund Multi Cap Fund 31,Lumpsum,89739,2026-04-18,Pending
913,36627,232331,Aditya Birla Sun Life Flexi Cap Fund 26,Sip,63098,2025-10-12,Pending
914,27021,428488,Canara Robeco Mid Cap Fund 17,Lumpsum,88168,2025-01-10,Pending
915,37093,687271,Tata Mutual Fund Flexi Cap Fund 11,Redemption,82373,2025-08-29,Pending
916,22955,792521,DSP Mutual Fund ELSS Fund 1,Lumpsum,68636,2025-02-10,Pending
917,90802,119551,Aditya Birla Sun Life Banking & PSU Debt Fund  - DIRECT - IDCW,Sip,92195,2025-12-19,Pending
918,58513,713340,Tata Mutual Fund Hybrid Fund 23,Lumpsum,13263,2026-01-31,Verified
919,99942,527330,Nippon India Small Cap Fund 15,Redemption,93790,2025-07-01,Pending
920,83523,422128,UTI Mutual Fund Flexi Cap Fund 3,Sip,33747,2025-06-04,Pending
921,23796,621203,HDFC Mutual Fund Debt Fund 12,Redemption,32259,2026-01-18,Pending
922,97567,201212,DSP Mutual Fund Multi Cap Fund 31,Sip,54168,2026-02-04,Verified
923,93302,537685,ICICI Prudential Large Cap Fund 9,Lumpsum,61521,2025-10-18,Verified
924,89960,713340,Tata Mutual Fund Hybrid Fund 23,Lumpsum,9962,2025-06-28,Verified
925,24122,232331,Aditya Birla Sun Life Flexi Cap Fund 26,Sip,53037,2025-11-14,Pending
926,90282,422128,UTI Mutual Fund Flexi Cap Fund 3,Sip,87633,2025-02-08,Pending
927,15207,428488,Canara Robeco Mid Cap Fund 17,Lumpsum,98175,2026-05-13,Verified
928,50189,428488,Canara Robeco Mid Cap Fund 17,Sip,73832,2026-01-08,Verified
929,95934,668248,Franklin Templeton Index Fund 24,Lumpsum,82933,2026-03-11,Verified
930,60804,668248,Franklin Templeton Index Fund 24,Lumpsum,54655,2026-05-13,Pending
931,23254,201212,DSP Mutual Fund Multi Cap Fund 31,Lumpsum,44277,2025-06-26,Verified
932,17222,537685,ICICI Prudential Large Cap Fund 9,Lumpsum,91360,2025-11-19,Pending
933,13794,944560,Nippon India Small Cap Fund 28,Lumpsum,1690,2025-07-20,Pending
934,76860,317186,Axis Mutual Fund ELSS Fund 34,Lumpsum,73326,2026-04-19,Verified
935,39354,118632,Nippon India Large Cap Fund - Direct Plan Growth Plan - Growth Option,Lumpsum,611,2026-02-04,Verified
936,61764,537685,ICICI Prudential Large Cap Fund 9,Redemption,3908,2025-11-27,Pending
937,40822,687271,Tata Mutual Fund Flexi Cap Fund 11,Redemption,15764,2026-03-08,Verified
938,12789,713340,Tata Mutual Fund Hybrid Fund 23,Redemption,54274,2025-04-23,Verified
939,20958,125497,SBI Small Cap Fund - Direct Plan - Growth,Redemption,2356,2025-01-13,Verified
940,55474,713340,Tata Mutual Fund Hybrid Fund 23,Redemption,50435,2025-12-13,Verified
941,36004,792521,DSP Mutual Fund ELSS Fund 1,Lumpsum,56791,2025-04-04,Pending
942,97923,843204,Mirae Asset Large Cap Fund 2,Redemption,3364,2025-11-01,Pending
943,16612,120503,Axis ELSS Tax Saver Fund - Direct Plan - Growth Option,Sip,79943,2025-07-24,Verified
944,17123,672467,HDFC Mutual Fund Sectoral Fund 4,Redemption,61063,2025-10-02,Verified
945,96059,544516,SBI Mutual Fund Large Cap Fund 6,Redemption,51713,2026-04-06,Verified
946,24510,720564,Franklin Templeton Sectoral Fund 20,Redemption,33062,2025-09-01,Pending
947,17115,544516,SBI Mutual Fund Large Cap Fund 6,Redemption,45064,2025-07-01,Verified
948,33954,346758,Nippon India Debt Fund 8,Sip,59165,2025-05-23,Pending
949,83322,991366,ICICI Prudential Debt Fund 10,Sip,36562,2025-09-21,Verified
950,94479,118632,Nippon India Large Cap Fund - Direct Plan Growth Plan - Growth Option,Sip,83084,2026-02-12,Pending
951,32586,843204,Mirae Asset Large Cap Fund 2,Sip,5344,2025-01-19,Pending
952,77441,668248,Franklin Templeton Index Fund 24,Redemption,61031,2026-03-23,Pending
953,45138,843204,Mirae Asset Large Cap Fund 2,Redemption,14884,2026-04-24,Pending
954,91940,125497,SBI Small Cap Fund - Direct Plan - Growth,Redemption,27121,2026-01-27,Pending
955,40245,707312,HDFC Mutual Fund Mid Cap Fund 30,Redemption,59424,2025-07-27,Pending
956,21000,120503,Axis ELSS Tax Saver Fund - Direct Plan - Growth Option,Lumpsum,19606,2026-01-02,Pending
957,87219,234499,Kotak Mutual Fund Multi Cap Fund 7,Sip,3836,2025-03-29,Pending
958,95751,527330,Nippon India Small Cap Fund 15,Lumpsum,61033,2025-04-24,Pending
959,81558,346758,Nippon India Debt Fund 8,Sip,35646,2025-02-24,Pending
960,80628,544516,SBI Mutual Fund Large Cap Fund 6,Sip,25114,2025-02-05,Pending
961,66256,672467,HDFC Mutual Fund Sectoral Fund 4,Lumpsum,49146,2026-01-09,Pending
962,22334,260805,SBI Mutual Fund Multi Cap Fund 33,Sip,19060,2025-09-21,Verified
963,19589,422128,UTI Mutual Fund Flexi Cap Fund 3,Sip,63568,2025-12-29,Pending
964,96397,120841,quant Mid Cap Fund - Growth Option - Direct Plan,Redemption,16416,2025-02-16,Verified
965,13409,125497,SBI Small Cap Fund - Direct Plan - Growth,Redemption,95357,2026-02-07,Pending
966,60015,880836,DSP Mutual Fund Small Cap Fund 32,Redemption,26801,2026-05-07,Pending
967,40434,739532,Edelweiss Mutual Fund Hybrid Fund 13,Sip,97816,2025-07-23,Pending
968,10984,672467,HDFC Mutual Fund Sectoral Fund 4,Sip,31467,2025-06-04,Verified
969,94016,880836,DSP Mutual Fund Small Cap Fund 32,Sip,69641,2025-09-23,Verified
970,91286,346758,Nippon India Debt Fund 8,Redemption,80261,2025-01-23,Verified
971,28309,407874,UTI Mutual Fund Flexi Cap Fund 18,Lumpsum,17028,2025-11-11,Pending
972,70012,991366,ICICI Prudential Debt Fund 10,Sip,89199,2025-03-03,Verified
973,83121,544516,SBI Mutual Fund Large Cap Fund 6,Lumpsum,30872,2025-12-11,Verified
974,35918,721881,Aditya Birla Sun Life Small Cap Fund 5,Redemption,12985,2025-03-20,Verified
975,93181,428488,Canara Robeco Mid Cap Fund 17,Redemption,23279,2026-04-25,Verified
976,16558,975687,Nippon India Index Fund 21,Sip,20694,2025-12-11,Verified
977,10315,664735,Franklin Templeton Hybrid Fund 19,Sip,88658,2025-10-14,Verified
978,67090,668248,Franklin Templeton Index Fund 24,Lumpsum,31118,2026-05-15,Pending
979,66214,843204,Mirae Asset Large Cap Fund 2,Lumpsum,92333,2026-04-13,Verified
980,40581,708630,Kotak Mutual Fund Debt Fund 22,Redemption,79586,2025-05-09,Verified
981,72544,317186,Axis Mutual Fund ELSS Fund 34,Redemption,92373,2025-03-05,Verified
982,71511,537685,ICICI Prudential Large Cap Fund 9,Lumpsum,85153,2026-01-26,Pending
983,17947,880134,DSP Mutual Fund Hybrid Fund 27,Lumpsum,31787,2025-09-14,Verified
984,39898,668248,Franklin Templeton Index Fund 24,Lumpsum,6017,2026-04-26,Verified
985,85574,422128,UTI Mutual Fund Flexi Cap Fund 3,Sip,5043,2026-02-05,Verified
986,97343,664735,Franklin Templeton Hybrid Fund 19,Redemption,67201,2025-12-21,Verified
987,30596,118632,Nippon India Large Cap Fund - Direct Plan Growth Plan - Growth Option,Sip,89095,2026-04-24,Verified
988,70934,119551,Aditya Birla Sun Life Banking & PSU Debt Fund  - DIRECT - IDCW,Lumpsum,34962,2025-02-24,Pending
989,75854,944560,Nippon India Small Cap Fund 28,Redemption,70424,2025-05-22,Verified
990,88171,880134,DSP Mutual Fund Hybrid Fund 27,Lumpsum,67156,2025-02-19,Verified
991,90002,119092,HDFC Money Market Fund - Growth Option - Direct Plan,Sip,58311,2025-08-18,Pending
992,26449,527330,Nippon India Small Cap Fund 15,Sip,71892,2025-07-21,Pending
993,29659,125497,SBI Small Cap Fund - Direct Plan - Growth,Lumpsum,29227,2025-09-17,Verified
994,82103,317186,Axis Mutual Fund ELSS Fund 34,Redemption,6794,2026-05-08,Pending
995,81260,346758,Nippon India Debt Fund 8,Redemption,16877,2026-01-26,Verified
996,96733,857086,Canara Robeco ELSS Fund 29,Lumpsum,48750,2026-02-27,Pending
997,29186,407874,UTI Mutual Fund Flexi Cap Fund 18,Sip,52319,2025-03-05,Verified
998,27608,720564,Franklin Templeton Sectoral Fund 20,Redemption,83204,2026-01-18,Verified
999,74969,428488,Canara Robeco Mid Cap Fund 17,Redemption,67830,2025-06-29,Verified
1000,29104,326036,Canara Robeco Large Cap Fund 16,Redemption,80576,2025-08-15,Verified
